-- MySQL dump 10.13  Distrib 5.7.16, for Linux (x86_64)
--
-- Host: localhost    Database: appolice
-- ------------------------------------------------------
-- Server version	5.7.16-0ubuntu0.16.04.1

/*!40101 SET @OLD_CHARACTER_SET_CLIENT=@@CHARACTER_SET_CLIENT */;
/*!40101 SET @OLD_CHARACTER_SET_RESULTS=@@CHARACTER_SET_RESULTS */;
/*!40101 SET @OLD_COLLATION_CONNECTION=@@COLLATION_CONNECTION */;
/*!40101 SET NAMES utf8 */;
/*!40103 SET @OLD_TIME_ZONE=@@TIME_ZONE */;
/*!40103 SET TIME_ZONE='+00:00' */;
/*!40014 SET @OLD_UNIQUE_CHECKS=@@UNIQUE_CHECKS, UNIQUE_CHECKS=0 */;
/*!40014 SET @OLD_FOREIGN_KEY_CHECKS=@@FOREIGN_KEY_CHECKS, FOREIGN_KEY_CHECKS=0 */;
/*!40101 SET @OLD_SQL_MODE=@@SQL_MODE, SQL_MODE='NO_AUTO_VALUE_ON_ZERO' */;
/*!40111 SET @OLD_SQL_NOTES=@@SQL_NOTES, SQL_NOTES=0 */;

--
-- Table structure for table `auth_group`
--

DROP TABLE IF EXISTS `auth_group`;
/*!40101 SET @saved_cs_client     = @@character_set_client */;
/*!40101 SET character_set_client = utf8 */;
CREATE TABLE `auth_group` (
  `id` int(11) NOT NULL AUTO_INCREMENT,
  `name` varchar(80) NOT NULL,
  PRIMARY KEY (`id`),
  UNIQUE KEY `name` (`name`)
) ENGINE=InnoDB AUTO_INCREMENT=2 DEFAULT CHARSET=latin1;
/*!40101 SET character_set_client = @saved_cs_client */;

--
-- Dumping data for table `auth_group`
--

LOCK TABLES `auth_group` WRITE;
/*!40000 ALTER TABLE `auth_group` DISABLE KEYS */;
INSERT INTO `auth_group` VALUES (1,'admin_only');
/*!40000 ALTER TABLE `auth_group` ENABLE KEYS */;
UNLOCK TABLES;

--
-- Table structure for table `auth_group_permissions`
--

DROP TABLE IF EXISTS `auth_group_permissions`;
/*!40101 SET @saved_cs_client     = @@character_set_client */;
/*!40101 SET character_set_client = utf8 */;
CREATE TABLE `auth_group_permissions` (
  `id` int(11) NOT NULL AUTO_INCREMENT,
  `group_id` int(11) NOT NULL,
  `permission_id` int(11) NOT NULL,
  PRIMARY KEY (`id`),
  UNIQUE KEY `group_id` (`group_id`,`permission_id`),
  KEY `auth_group__permission_id_1f49ccbbdc69d2fc_fk_auth_permission_id` (`permission_id`),
  CONSTRAINT `auth_group__permission_id_1f49ccbbdc69d2fc_fk_auth_permission_id` FOREIGN KEY (`permission_id`) REFERENCES `auth_permission` (`id`),
  CONSTRAINT `auth_group_permission_group_id_689710a9a73b7457_fk_auth_group_id` FOREIGN KEY (`group_id`) REFERENCES `auth_group` (`id`)
) ENGINE=InnoDB DEFAULT CHARSET=latin1;
/*!40101 SET character_set_client = @saved_cs_client */;

--
-- Dumping data for table `auth_group_permissions`
--

LOCK TABLES `auth_group_permissions` WRITE;
/*!40000 ALTER TABLE `auth_group_permissions` DISABLE KEYS */;
/*!40000 ALTER TABLE `auth_group_permissions` ENABLE KEYS */;
UNLOCK TABLES;

--
-- Table structure for table `auth_permission`
--

DROP TABLE IF EXISTS `auth_permission`;
/*!40101 SET @saved_cs_client     = @@character_set_client */;
/*!40101 SET character_set_client = utf8 */;
CREATE TABLE `auth_permission` (
  `id` int(11) NOT NULL AUTO_INCREMENT,
  `name` varchar(255) NOT NULL,
  `content_type_id` int(11) NOT NULL,
  `codename` varchar(100) NOT NULL,
  PRIMARY KEY (`id`),
  UNIQUE KEY `content_type_id` (`content_type_id`,`codename`),
  CONSTRAINT `auth__content_type_id_508cf46651277a81_fk_django_content_type_id` FOREIGN KEY (`content_type_id`) REFERENCES `django_content_type` (`id`)
) ENGINE=InnoDB AUTO_INCREMENT=28 DEFAULT CHARSET=latin1;
/*!40101 SET character_set_client = @saved_cs_client */;

--
-- Dumping data for table `auth_permission`
--

LOCK TABLES `auth_permission` WRITE;
/*!40000 ALTER TABLE `auth_permission` DISABLE KEYS */;
INSERT INTO `auth_permission` VALUES (1,'Can add police event',1,'add_policeevent'),(2,'Can change police event',1,'change_policeevent'),(3,'Can delete police event',1,'delete_policeevent'),(4,'Can add event participant',2,'add_eventparticipant'),(5,'Can change event participant',2,'change_eventparticipant'),(6,'Can delete event participant',2,'delete_eventparticipant'),(7,'Can add event picket point',3,'add_eventpicketpoint'),(8,'Can change event picket point',3,'change_eventpicketpoint'),(9,'Can delete event picket point',3,'delete_eventpicketpoint'),(10,'Can add log entry',4,'add_logentry'),(11,'Can change log entry',4,'change_logentry'),(12,'Can delete log entry',4,'delete_logentry'),(13,'Can add permission',5,'add_permission'),(14,'Can change permission',5,'change_permission'),(15,'Can delete permission',5,'delete_permission'),(16,'Can add group',6,'add_group'),(17,'Can change group',6,'change_group'),(18,'Can delete group',6,'delete_group'),(19,'Can add user',7,'add_user'),(20,'Can change user',7,'change_user'),(21,'Can delete user',7,'delete_user'),(22,'Can add content type',8,'add_contenttype'),(23,'Can change content type',8,'change_contenttype'),(24,'Can delete content type',8,'delete_contenttype'),(25,'Can add session',9,'add_session'),(26,'Can change session',9,'change_session'),(27,'Can delete session',9,'delete_session');
/*!40000 ALTER TABLE `auth_permission` ENABLE KEYS */;
UNLOCK TABLES;

--
-- Table structure for table `auth_user`
--

DROP TABLE IF EXISTS `auth_user`;
/*!40101 SET @saved_cs_client     = @@character_set_client */;
/*!40101 SET character_set_client = utf8 */;
CREATE TABLE `auth_user` (
  `id` int(11) NOT NULL AUTO_INCREMENT,
  `password` varchar(128) NOT NULL,
  `last_login` datetime(6) DEFAULT NULL,
  `is_superuser` tinyint(1) NOT NULL,
  `username` varchar(30) NOT NULL,
  `first_name` varchar(30) NOT NULL,
  `last_name` varchar(30) NOT NULL,
  `email` varchar(254) NOT NULL,
  `is_staff` tinyint(1) NOT NULL,
  `is_active` tinyint(1) NOT NULL,
  `date_joined` datetime(6) NOT NULL,
  PRIMARY KEY (`id`),
  UNIQUE KEY `username` (`username`)
) ENGINE=InnoDB AUTO_INCREMENT=4 DEFAULT CHARSET=latin1;
/*!40101 SET character_set_client = @saved_cs_client */;

--
-- Dumping data for table `auth_user`
--

LOCK TABLES `auth_user` WRITE;
/*!40000 ALTER TABLE `auth_user` DISABLE KEYS */;
INSERT INTO `auth_user` VALUES (1,'pbkdf2_sha256$20000$EVjj8CW3Pkdo$PbZXkHe6feSq9yvHXJ1m+1U86SFl8vnDZ5dCxZjlD74=','2016-11-24 04:52:19.504509',1,'admin','','','bandi.balaram@gmail.com',1,1,'2016-11-24 04:51:53.671875'),(2,'pbkdf2_sha256$20000$d8OvV77QJgWJ$Rfkt1dRvBWdVBb8bPATTvQbGqQEF9W95dhXeKzJH8Kg=','2016-11-29 04:12:32.427358',0,'kadapasb','','','',0,1,'2016-11-24 04:53:52.000000'),(3,'pbkdf2_sha256$20000$D2alqQjfToNv$F5CPR6g9Goh9wu7JtmoSx+COLBHgXRAU0TgVHpSKPgw=','2016-11-25 08:18:56.349113',0,'ps_login','','','',0,1,'2016-11-24 04:54:09.776900');
/*!40000 ALTER TABLE `auth_user` ENABLE KEYS */;
UNLOCK TABLES;

--
-- Table structure for table `auth_user_groups`
--

DROP TABLE IF EXISTS `auth_user_groups`;
/*!40101 SET @saved_cs_client     = @@character_set_client */;
/*!40101 SET character_set_client = utf8 */;
CREATE TABLE `auth_user_groups` (
  `id` int(11) NOT NULL AUTO_INCREMENT,
  `user_id` int(11) NOT NULL,
  `group_id` int(11) NOT NULL,
  PRIMARY KEY (`id`),
  UNIQUE KEY `user_id` (`user_id`,`group_id`),
  KEY `auth_user_groups_group_id_33ac548dcf5f8e37_fk_auth_group_id` (`group_id`),
  CONSTRAINT `auth_user_groups_group_id_33ac548dcf5f8e37_fk_auth_group_id` FOREIGN KEY (`group_id`) REFERENCES `auth_group` (`id`),
  CONSTRAINT `auth_user_groups_user_id_4b5ed4ffdb8fd9b0_fk_auth_user_id` FOREIGN KEY (`user_id`) REFERENCES `auth_user` (`id`)
) ENGINE=InnoDB AUTO_INCREMENT=2 DEFAULT CHARSET=latin1;
/*!40101 SET character_set_client = @saved_cs_client */;

--
-- Dumping data for table `auth_user_groups`
--

LOCK TABLES `auth_user_groups` WRITE;
/*!40000 ALTER TABLE `auth_user_groups` DISABLE KEYS */;
INSERT INTO `auth_user_groups` VALUES (1,2,1);
/*!40000 ALTER TABLE `auth_user_groups` ENABLE KEYS */;
UNLOCK TABLES;

--
-- Table structure for table `auth_user_user_permissions`
--

DROP TABLE IF EXISTS `auth_user_user_permissions`;
/*!40101 SET @saved_cs_client     = @@character_set_client */;
/*!40101 SET character_set_client = utf8 */;
CREATE TABLE `auth_user_user_permissions` (
  `id` int(11) NOT NULL AUTO_INCREMENT,
  `user_id` int(11) NOT NULL,
  `permission_id` int(11) NOT NULL,
  PRIMARY KEY (`id`),
  UNIQUE KEY `user_id` (`user_id`,`permission_id`),
  KEY `auth_user_u_permission_id_384b62483d7071f0_fk_auth_permission_id` (`permission_id`),
  CONSTRAINT `auth_user_u_permission_id_384b62483d7071f0_fk_auth_permission_id` FOREIGN KEY (`permission_id`) REFERENCES `auth_permission` (`id`),
  CONSTRAINT `auth_user_user_permissi_user_id_7f0938558328534a_fk_auth_user_id` FOREIGN KEY (`user_id`) REFERENCES `auth_user` (`id`)
) ENGINE=InnoDB DEFAULT CHARSET=latin1;
/*!40101 SET character_set_client = @saved_cs_client */;

--
-- Dumping data for table `auth_user_user_permissions`
--

LOCK TABLES `auth_user_user_permissions` WRITE;
/*!40000 ALTER TABLE `auth_user_user_permissions` DISABLE KEYS */;
/*!40000 ALTER TABLE `auth_user_user_permissions` ENABLE KEYS */;
UNLOCK TABLES;

--
-- Table structure for table `django_admin_log`
--

DROP TABLE IF EXISTS `django_admin_log`;
/*!40101 SET @saved_cs_client     = @@character_set_client */;
/*!40101 SET character_set_client = utf8 */;
CREATE TABLE `django_admin_log` (
  `id` int(11) NOT NULL AUTO_INCREMENT,
  `action_time` datetime(6) NOT NULL,
  `object_id` longtext,
  `object_repr` varchar(200) NOT NULL,
  `action_flag` smallint(5) unsigned NOT NULL,
  `change_message` longtext NOT NULL,
  `content_type_id` int(11) DEFAULT NULL,
  `user_id` int(11) NOT NULL,
  PRIMARY KEY (`id`),
  KEY `djang_content_type_id_697914295151027a_fk_django_content_type_id` (`content_type_id`),
  KEY `django_admin_log_user_id_52fdd58701c5f563_fk_auth_user_id` (`user_id`),
  CONSTRAINT `djang_content_type_id_697914295151027a_fk_django_content_type_id` FOREIGN KEY (`content_type_id`) REFERENCES `django_content_type` (`id`),
  CONSTRAINT `django_admin_log_user_id_52fdd58701c5f563_fk_auth_user_id` FOREIGN KEY (`user_id`) REFERENCES `auth_user` (`id`)
) ENGINE=InnoDB AUTO_INCREMENT=5 DEFAULT CHARSET=latin1;
/*!40101 SET character_set_client = @saved_cs_client */;

--
-- Dumping data for table `django_admin_log`
--

LOCK TABLES `django_admin_log` WRITE;
/*!40000 ALTER TABLE `django_admin_log` DISABLE KEYS */;
INSERT INTO `django_admin_log` VALUES (1,'2016-11-24 04:53:52.675302','2','kadapasb',1,'',7,1),(2,'2016-11-24 04:54:09.806474','3','ps_login',1,'',7,1),(3,'2016-11-24 04:57:43.384686','1','admin_only',1,'',6,1),(4,'2016-11-24 04:57:52.906009','2','kadapasb',2,'Changed groups.',7,1);
/*!40000 ALTER TABLE `django_admin_log` ENABLE KEYS */;
UNLOCK TABLES;

--
-- Table structure for table `django_content_type`
--

DROP TABLE IF EXISTS `django_content_type`;
/*!40101 SET @saved_cs_client     = @@character_set_client */;
/*!40101 SET character_set_client = utf8 */;
CREATE TABLE `django_content_type` (
  `id` int(11) NOT NULL AUTO_INCREMENT,
  `app_label` varchar(100) NOT NULL,
  `model` varchar(100) NOT NULL,
  PRIMARY KEY (`id`),
  UNIQUE KEY `django_content_type_app_label_45f3b1d93ec8c61c_uniq` (`app_label`,`model`)
) ENGINE=InnoDB AUTO_INCREMENT=10 DEFAULT CHARSET=latin1;
/*!40101 SET character_set_client = @saved_cs_client */;

--
-- Dumping data for table `django_content_type`
--

LOCK TABLES `django_content_type` WRITE;
/*!40000 ALTER TABLE `django_content_type` DISABLE KEYS */;
INSERT INTO `django_content_type` VALUES (4,'admin','logentry'),(6,'auth','group'),(5,'auth','permission'),(7,'auth','user'),(8,'contenttypes','contenttype'),(2,'event_allotment','eventparticipant'),(3,'event_allotment','eventpicketpoint'),(1,'event_allotment','policeevent'),(9,'sessions','session');
/*!40000 ALTER TABLE `django_content_type` ENABLE KEYS */;
UNLOCK TABLES;

--
-- Table structure for table `django_migrations`
--

DROP TABLE IF EXISTS `django_migrations`;
/*!40101 SET @saved_cs_client     = @@character_set_client */;
/*!40101 SET character_set_client = utf8 */;
CREATE TABLE `django_migrations` (
  `id` int(11) NOT NULL AUTO_INCREMENT,
  `app` varchar(255) NOT NULL,
  `name` varchar(255) NOT NULL,
  `applied` datetime(6) NOT NULL,
  PRIMARY KEY (`id`)
) ENGINE=InnoDB AUTO_INCREMENT=11 DEFAULT CHARSET=latin1;
/*!40101 SET character_set_client = @saved_cs_client */;

--
-- Dumping data for table `django_migrations`
--

LOCK TABLES `django_migrations` WRITE;
/*!40000 ALTER TABLE `django_migrations` DISABLE KEYS */;
INSERT INTO `django_migrations` VALUES (1,'contenttypes','0001_initial','2016-11-24 04:49:01.015222'),(2,'auth','0001_initial','2016-11-24 04:49:01.317256'),(3,'admin','0001_initial','2016-11-24 04:49:01.396642'),(4,'contenttypes','0002_remove_content_type_name','2016-11-24 04:49:01.495594'),(5,'auth','0002_alter_permission_name_max_length','2016-11-24 04:49:01.530579'),(6,'auth','0003_alter_user_email_max_length','2016-11-24 04:49:01.557448'),(7,'auth','0004_alter_user_username_opts','2016-11-24 04:49:01.577849'),(8,'auth','0005_alter_user_last_login_null','2016-11-24 04:49:01.620809'),(9,'auth','0006_require_contenttypes_0002','2016-11-24 04:49:01.625793'),(10,'sessions','0001_initial','2016-11-24 04:49:01.648772');
/*!40000 ALTER TABLE `django_migrations` ENABLE KEYS */;
UNLOCK TABLES;

--
-- Table structure for table `django_session`
--

DROP TABLE IF EXISTS `django_session`;
/*!40101 SET @saved_cs_client     = @@character_set_client */;
/*!40101 SET character_set_client = utf8 */;
CREATE TABLE `django_session` (
  `session_key` varchar(40) NOT NULL,
  `session_data` longtext NOT NULL,
  `expire_date` datetime(6) NOT NULL,
  PRIMARY KEY (`session_key`),
  KEY `django_session_de54fa62` (`expire_date`)
) ENGINE=InnoDB DEFAULT CHARSET=latin1;
/*!40101 SET character_set_client = @saved_cs_client */;

--
-- Dumping data for table `django_session`
--

LOCK TABLES `django_session` WRITE;
/*!40000 ALTER TABLE `django_session` DISABLE KEYS */;
INSERT INTO `django_session` VALUES ('0awcon7n5ypjn2l2i6cxcc7vx6zxsomd','ZTBmZmE4NTNiZWM4NTVhOWJlOTY3MWM2Yjg0OGYxYjgwY2MxMmQ3MTp7Il9hdXRoX3VzZXJfaGFzaCI6IjViZDkxZjc0ZDA3YjY1ZDg3MDBhMDIwMmI3YjhhNDhjODg0ZjdiMDUiLCJfYXV0aF91c2VyX2JhY2tlbmQiOiJkamFuZ28uY29udHJpYi5hdXRoLmJhY2tlbmRzLk1vZGVsQmFja2VuZCIsIl9hdXRoX3VzZXJfaWQiOiIzIn0=','2016-12-09 07:10:34.714025'),('1cgse50uj7t714hwkxf8o87ll6j3p51h','NDI5NzQyMmVlOTVlY2ZmMGNjNjliZGVhYTI3MmM0YWFjZGM1ZTY1MTp7Il9hdXRoX3VzZXJfaGFzaCI6IjUwYWJlZTljMjU3ODhjNjRhNjUzZmMzOGI2YTM1YjVjMWIxYzc1ZmUiLCJfYXV0aF91c2VyX2JhY2tlbmQiOiJkamFuZ28uY29udHJpYi5hdXRoLmJhY2tlbmRzLk1vZGVsQmFja2VuZCIsIl9hdXRoX3VzZXJfaWQiOiIyIn0=','2016-12-08 09:18:52.069202'),('1xskx88f5vem48e1qk292ff5mo2gznmr','NDI5NzQyMmVlOTVlY2ZmMGNjNjliZGVhYTI3MmM0YWFjZGM1ZTY1MTp7Il9hdXRoX3VzZXJfaGFzaCI6IjUwYWJlZTljMjU3ODhjNjRhNjUzZmMzOGI2YTM1YjVjMWIxYzc1ZmUiLCJfYXV0aF91c2VyX2JhY2tlbmQiOiJkamFuZ28uY29udHJpYi5hdXRoLmJhY2tlbmRzLk1vZGVsQmFja2VuZCIsIl9hdXRoX3VzZXJfaWQiOiIyIn0=','2016-12-08 14:31:18.610787'),('4phdubepu6cvxbuhtxl3e1j4rie635o6','ZTBmZmE4NTNiZWM4NTVhOWJlOTY3MWM2Yjg0OGYxYjgwY2MxMmQ3MTp7Il9hdXRoX3VzZXJfaGFzaCI6IjViZDkxZjc0ZDA3YjY1ZDg3MDBhMDIwMmI3YjhhNDhjODg0ZjdiMDUiLCJfYXV0aF91c2VyX2JhY2tlbmQiOiJkamFuZ28uY29udHJpYi5hdXRoLmJhY2tlbmRzLk1vZGVsQmFja2VuZCIsIl9hdXRoX3VzZXJfaWQiOiIzIn0=','2016-12-09 08:18:56.352546'),('7dsahsf6oeg1t3e0uyd2b2t37iicrb8e','ZTBmZmE4NTNiZWM4NTVhOWJlOTY3MWM2Yjg0OGYxYjgwY2MxMmQ3MTp7Il9hdXRoX3VzZXJfaGFzaCI6IjViZDkxZjc0ZDA3YjY1ZDg3MDBhMDIwMmI3YjhhNDhjODg0ZjdiMDUiLCJfYXV0aF91c2VyX2JhY2tlbmQiOiJkamFuZ28uY29udHJpYi5hdXRoLmJhY2tlbmRzLk1vZGVsQmFja2VuZCIsIl9hdXRoX3VzZXJfaWQiOiIzIn0=','2016-12-08 14:26:47.854285'),('9cs95m4128bhiqr1aqrifdenozgkmnph','NDI5NzQyMmVlOTVlY2ZmMGNjNjliZGVhYTI3MmM0YWFjZGM1ZTY1MTp7Il9hdXRoX3VzZXJfaGFzaCI6IjUwYWJlZTljMjU3ODhjNjRhNjUzZmMzOGI2YTM1YjVjMWIxYzc1ZmUiLCJfYXV0aF91c2VyX2JhY2tlbmQiOiJkamFuZ28uY29udHJpYi5hdXRoLmJhY2tlbmRzLk1vZGVsQmFja2VuZCIsIl9hdXRoX3VzZXJfaWQiOiIyIn0=','2016-12-09 14:01:20.079670'),('aygfuixziy3zhg9564ymar4kzz3a3clq','NDI5NzQyMmVlOTVlY2ZmMGNjNjliZGVhYTI3MmM0YWFjZGM1ZTY1MTp7Il9hdXRoX3VzZXJfaGFzaCI6IjUwYWJlZTljMjU3ODhjNjRhNjUzZmMzOGI2YTM1YjVjMWIxYzc1ZmUiLCJfYXV0aF91c2VyX2JhY2tlbmQiOiJkamFuZ28uY29udHJpYi5hdXRoLmJhY2tlbmRzLk1vZGVsQmFja2VuZCIsIl9hdXRoX3VzZXJfaWQiOiIyIn0=','2016-12-08 19:52:19.647487'),('ezbkmkyw20ekpeq9z7u4tlwbfmh2cxbb','ZTBmZmE4NTNiZWM4NTVhOWJlOTY3MWM2Yjg0OGYxYjgwY2MxMmQ3MTp7Il9hdXRoX3VzZXJfaGFzaCI6IjViZDkxZjc0ZDA3YjY1ZDg3MDBhMDIwMmI3YjhhNDhjODg0ZjdiMDUiLCJfYXV0aF91c2VyX2JhY2tlbmQiOiJkamFuZ28uY29udHJpYi5hdXRoLmJhY2tlbmRzLk1vZGVsQmFja2VuZCIsIl9hdXRoX3VzZXJfaWQiOiIzIn0=','2016-12-09 04:33:49.437900'),('jxfzdgpvzqeedtpo1knm4b1pww9273yk','ZTBmZmE4NTNiZWM4NTVhOWJlOTY3MWM2Yjg0OGYxYjgwY2MxMmQ3MTp7Il9hdXRoX3VzZXJfaGFzaCI6IjViZDkxZjc0ZDA3YjY1ZDg3MDBhMDIwMmI3YjhhNDhjODg0ZjdiMDUiLCJfYXV0aF91c2VyX2JhY2tlbmQiOiJkamFuZ28uY29udHJpYi5hdXRoLmJhY2tlbmRzLk1vZGVsQmFja2VuZCIsIl9hdXRoX3VzZXJfaWQiOiIzIn0=','2016-12-09 05:50:25.655293'),('jyils3x0w91uzsrzyxnry92b2p8rm3ph','NDI5NzQyMmVlOTVlY2ZmMGNjNjliZGVhYTI3MmM0YWFjZGM1ZTY1MTp7Il9hdXRoX3VzZXJfaGFzaCI6IjUwYWJlZTljMjU3ODhjNjRhNjUzZmMzOGI2YTM1YjVjMWIxYzc1ZmUiLCJfYXV0aF91c2VyX2JhY2tlbmQiOiJkamFuZ28uY29udHJpYi5hdXRoLmJhY2tlbmRzLk1vZGVsQmFja2VuZCIsIl9hdXRoX3VzZXJfaWQiOiIyIn0=','2016-12-13 04:12:32.432202'),('oby49tfk1q9ryj2rkz7si2v8apqwr2e4','ZTBmZmE4NTNiZWM4NTVhOWJlOTY3MWM2Yjg0OGYxYjgwY2MxMmQ3MTp7Il9hdXRoX3VzZXJfaGFzaCI6IjViZDkxZjc0ZDA3YjY1ZDg3MDBhMDIwMmI3YjhhNDhjODg0ZjdiMDUiLCJfYXV0aF91c2VyX2JhY2tlbmQiOiJkamFuZ28uY29udHJpYi5hdXRoLmJhY2tlbmRzLk1vZGVsQmFja2VuZCIsIl9hdXRoX3VzZXJfaWQiOiIzIn0=','2016-12-08 14:52:23.066102'),('rcolq6rayd3wt6zdv29iw2hdhgfvxi77','ZTBmZmE4NTNiZWM4NTVhOWJlOTY3MWM2Yjg0OGYxYjgwY2MxMmQ3MTp7Il9hdXRoX3VzZXJfaGFzaCI6IjViZDkxZjc0ZDA3YjY1ZDg3MDBhMDIwMmI3YjhhNDhjODg0ZjdiMDUiLCJfYXV0aF91c2VyX2JhY2tlbmQiOiJkamFuZ28uY29udHJpYi5hdXRoLmJhY2tlbmRzLk1vZGVsQmFja2VuZCIsIl9hdXRoX3VzZXJfaWQiOiIzIn0=','2016-12-08 14:29:04.447257'),('rpfp2oncj7tgupuzpxstibolwfocaw9u','ZTBmZmE4NTNiZWM4NTVhOWJlOTY3MWM2Yjg0OGYxYjgwY2MxMmQ3MTp7Il9hdXRoX3VzZXJfaGFzaCI6IjViZDkxZjc0ZDA3YjY1ZDg3MDBhMDIwMmI3YjhhNDhjODg0ZjdiMDUiLCJfYXV0aF91c2VyX2JhY2tlbmQiOiJkamFuZ28uY29udHJpYi5hdXRoLmJhY2tlbmRzLk1vZGVsQmFja2VuZCIsIl9hdXRoX3VzZXJfaWQiOiIzIn0=','2016-12-09 06:39:57.298640'),('vp3fcrvlpdk0x0xeoemrui91whk4ffkq','ZTBmZmE4NTNiZWM4NTVhOWJlOTY3MWM2Yjg0OGYxYjgwY2MxMmQ3MTp7Il9hdXRoX3VzZXJfaGFzaCI6IjViZDkxZjc0ZDA3YjY1ZDg3MDBhMDIwMmI3YjhhNDhjODg0ZjdiMDUiLCJfYXV0aF91c2VyX2JhY2tlbmQiOiJkamFuZ28uY29udHJpYi5hdXRoLmJhY2tlbmRzLk1vZGVsQmFja2VuZCIsIl9hdXRoX3VzZXJfaWQiOiIzIn0=','2016-12-08 09:39:36.436806');
/*!40000 ALTER TABLE `django_session` ENABLE KEYS */;
UNLOCK TABLES;

--
-- Table structure for table `event_allotment_eventparticipant`
--

DROP TABLE IF EXISTS `event_allotment_eventparticipant`;
/*!40101 SET @saved_cs_client     = @@character_set_client */;
/*!40101 SET character_set_client = utf8 */;
CREATE TABLE `event_allotment_eventparticipant` (
  `id` int(11) NOT NULL AUTO_INCREMENT,
  `p_name` varchar(200) NOT NULL,
  `p_code` varchar(200) NOT NULL,
  `p_designation` varchar(200) NOT NULL,
  `p_ps` varchar(30) NOT NULL,
  `p_contact` varchar(200) NOT NULL,
  `p_event_id` varchar(200) NOT NULL,
  `p_pp_id` varchar(200) NOT NULL,
  PRIMARY KEY (`id`)
) ENGINE=InnoDB AUTO_INCREMENT=1113 DEFAULT CHARSET=latin1;
/*!40101 SET character_set_client = @saved_cs_client */;

--
-- Dumping data for table `event_allotment_eventparticipant`
--

LOCK TABLES `event_allotment_eventparticipant` WRITE;
/*!40000 ALTER TABLE `event_allotment_eventparticipant` DISABLE KEYS */;
INSERT INTO `event_allotment_eventparticipant` VALUES (1,'sri B V SIVA REDDY','1243','CI','C.K Dinne P.S.','9440796914','2',''),(2,'S KULLAYAPPA','09','SI','C.K Dinne P.S.','9440796915','2','68'),(3,'S CHAND BASHA','35','SI','C.K Dinne P.S.','8886126087','2','106'),(4,'P DASTHAGIRI','541','ASI','C.K Dinne P.S.','9885122185','2','61'),(5,'P RAVINDRANTHA REDDY','1370','ASI','C.K Dinne P.S.','8897523833','2','63'),(6,'CH SRINIVASULLU','133','HC','C.K Dinne P.S.','9989789156','2','112'),(7,'P. Shiva Kumari','2186','WPC','Kadapa I town P.S.','9985024518','2','75'),(8,'D. Krishnaveni','429','WPC','Kadapa I town P.S.','9553144952','2','75'),(9,'Sreenivasa Raju','3120','PC','Kadapa I town P.S.','9059173287','2','115'),(10,'P. Obulesu','2907','PC','Kadapa I town P.S.','7386555900','2','115'),(11,'T. Prasad','2798','PC','Kadapa I town P.S.','9963292231','2','115'),(12,'T. Maneesh','2743','PC','Kadapa I town P.S.','9490980972','2','115'),(13,'Y. Mahaboob Basha','2619','PC','Kadapa I town P.S.','9989189351','2','115'),(14,'S.G.Sudhakar','2140','PC','Kadapa I town P.S.','9493652140','2','115'),(15,'B.Guraiah','2099','PC','Kadapa I town P.S.','9490804783','2','115'),(16,'Srinivasa Reddy','2033','PC','Kadapa I town P.S.','8520865677','2','115'),(17,'P Rama chandra Reddy','1830','PC','Kadapa I town P.S.','9052108676','2','66'),(18,'K V Nagendra Reddy','1624','PC','Kadapa I town P.S.','9490397064','2','115'),(19,'M Ravi','1621','PC','Kadapa I town P.S.','9441972164','2','115'),(20,'D Nagendra Prasad','1600','PC','Kadapa I town P.S.','9701756906','2','115'),(21,'Nagaraju','1135','PC','Kadapa I town P.S.','9441688906','2','115'),(22,'G Sreenivasulu','1131','PC','Kadapa I town P.S.','7842146889','2','115'),(23,'L Jagannatha Rao','1112','PC','Kadapa I town P.S.','8106220182','2','115'),(24,'B VIJAY KUMAR REDDY','1093','PC','Kadapa I town P.S.','9985957796','2','115'),(25,'CHANDRA OBULA REDDY','1089','PC','Kadapa I town P.S.','9494078741','2','115'),(26,'A ANJANEYULU NAIK','978','PC','Kadapa I town P.S.','9966503678','2','115'),(27,'G RAHEEM BABU','961','PC','Kadapa I town P.S.','8978294200','2','115'),(28,'PUSHPARAJU','854','PC','Kadapa I town P.S.','9441918840','2','115'),(29,'SURESH','811','PC','Kadapa I town P.S.','9542800610','2','115'),(30,'B SUDHAKAR','659','PC','Kadapa I town P.S.','9908866118','2','114'),(31,'Y HARI NATH','640','PC','Kadapa I town P.S.','9177825640','2','114'),(32,'K. Surya Narayana Reddy','2850','PC','RIMS P.S.','9490012599','2','105'),(33,'D venkateswarlu','396','PC','Kadapa I town P.S.','9949299480','2','114'),(34,'G VHINNODU','2774','PC','RIMS P.S.','9985490739','2','105'),(35,'K SRINIVASULA REDDY','2096','PC','RIMS P.S.','9885555774','2','105'),(36,'K SUBBARAYUDU','PC 2585','PC','RIMS P.S.','8897234317','2','105'),(37,'C NAGMUNEMMA','447','WHC','Kadapa I town P.S.','8790236233','2','100'),(38,'B RAVI KUMAR','PC 2553','PC','RIMS P.S.','9948916038','2','105'),(39,'C V PRATHAP REDDY','1920','HC','Kadapa I town P.S.','9440711194','2',''),(40,'P MANOHAR','PC 2548','PC','RIMS P.S.','9491550144','2','80'),(41,'G CHENNA KESAVA','PC 1057','PC','RIMS P.S.','9618986189','2','80'),(42,'Y PRABHAKAR','1915','HC','Kadapa I town P.S.','9618094210','2','116'),(43,'K NEELAKANTA REDDY','1905','HC','Kadapa I town P.S.','9494032555','2','116'),(44,'S HARI PRASAD','1051','PC','RIMS P.S.','9966310051','2','79'),(45,'SUBBARAYUDU','1774','HC','Kadapa I town P.S.','9440118757','2','113'),(46,'RAJA VARDHAN','955','PC','RIMS P.S.','9966172742','2','75'),(47,'D GANGAIAH','863','PC','RIMS P.S.','9000924941','2','105'),(48,'K KONDAIAH','826','PC','RIMS P.S.','8978259653','2','105'),(49,'K KONDAIAH','812','PC','RIMS P.S.','8008196741','2','107'),(50,'S KARIMULLA BASHA','2035','HC','RIMS P.S.','9966277015','2','75'),(51,'J ABRAHAM','646','HC','Kadapa I town P.S.','9441684133','2','113'),(52,'K SREENIVASULA REDDY','1927','HC','RIMS P.S.','9441645267','2','113'),(53,'N SUDHAKAR NAIK','207','HC','Kadapa I town P.S.','9440166832','2','113'),(54,'K A NAGARJUNA','1902','HC','RIMS P.S.','9441725267','2','113'),(55,'J V SUBBARAYUDU','1638','ASI','Kadapa I town P.S.','9440013618','2','115'),(56,'M NARAYANA','959','HC','RIMS P.S.','9441724257','2','113'),(57,'P REDDAPPA REDDY','1673','ASI','RIMS P.S.','9440641622','2','105'),(58,'PC JAYA GOPAL','687','ASI','RIMS P.S.','9440976424','2','105'),(59,'S.G HEMADRI','23','SI','RIMS P.S.','9440146086','2','79'),(60,'D RAMANJANEYUDU','80','SI','RIMS P.S.','9493548229','2','75'),(61,'T MOHAN PRASAD','24','CI','RIMS P.S.','9440901823','2','80'),(62,'K.C OBUL REDDY','HG 464','PC','RIMS P.S.','9502902275','2','75'),(63,'GIRI','HG 560','PC','RIMS P.S.','9000388827','2','75'),(64,'NOWSHAD ALI BASHA','876','ASI','Kadapa I town P.S.','9966807991','2','115'),(65,'C PITCHAIAH','322','ASI','Kadapa I town P.S.','8500225009','2','115'),(66,'B.V. SIVA REDDY','12','CI','Kadapa Taluk P.S.','9440796914','2','75'),(67,'U PRATHAP REDDY','76','SI','Kadapa I town P.S.','9908216245','2','107'),(68,'V NAGARAJU','89','SI','Kadapa I town P.S.','9440796906','2','109'),(69,'S KULLAYAPPA','09','SI','C.K Dinne P.S.','9440796915','2','75'),(70,'S CHAN BASHA','35','SI','C.K Dinne P.S.','8886126087','2','109'),(71,'P DASTAGIRI','541','ASI','C.K Dinne P.S.','9885122185','2','105'),(72,'T V SATYA NARAYANA','8545','CI','Kadapa I town P.S.','9440796905','2','115'),(73,'P RAVINDRANATHA REDDY','1370','ASI','C.K Dinne P.S.','8897523833','2','106'),(74,'V SREENIVASULU','1027','HC','C.K Dinne P.S.','9440957170','2','66'),(75,'ANJANEYULU','1903','HC','C.K Dinne P.S.','9440973446','2','78'),(76,'G SARADA','783','WHC','C.K Dinne P.S.','9581379136','2','60'),(77,'B.C.V RAMANA','220','PC','C.K Dinne P.S.','9642171040','2','61'),(78,'RAVI KMAR','469','PC','C.K Dinne P.S.','9949105460','2','62'),(79,'B. SANDEEP KUMAR','560','PC','C.K Dinne P.S.','8897518823','2','62'),(80,'P.RAM PRASAD','804','PC','C.K Dinne P.S.','9440171782','2','63'),(81,'NARAYANA','1193','PC','C.K Dinne P.S.','9985226873','2','64'),(82,'N CHANDRA MOHAN REDDY','1490','PC','C.K Dinne P.S.','7799839566','2','75'),(83,'R. BASHU','1669','PC','C.K Dinne P.S.','9440246840','2','75'),(84,'S MOULA','1794','PC','C.K Dinne P.S.','9949249601','2','75'),(85,'P PULLA REDDY','1816','PC','C.K Dinne P.S.','9440617692','2','76'),(86,'S. CHANDRA MOHAN REDDY','1817','PC','C.K Dinne P.S.','9966953895','2','76'),(87,'S.KHADER BASHA','1877','PC','C.K Dinne P.S.','7702628094','2','77'),(88,'LAKSHMI NARAYANA','2004','PC','C.K Dinne P.S.','9985273628','2','78'),(89,'SK ROSHAN','62','SI','Pendlimarry P.S.','9440796992','2','92'),(90,'S NAGAIAH','1115','ASI','Pendlimarry P.S.','9490033202','2','106'),(91,'P.ESWAR REDDY','164','HC','Pendlimarry P.S.','9490044164','2','86'),(92,'B.NAGARJUN REDDY','1184','HC','Pendlimarry P.S.','9440644677','2','113'),(93,'S.MD RAFI','490','PC','Pendlimarry P.S.','9490266187','2','97'),(94,'A.KATAMAIAH','1807','PC','Pendlimarry P.S.','9676195173','2','75'),(95,'S SHAMIR BASHA','1819','PC','Pendlimarry P.S.','9032744253','2','75'),(96,'P SREENIVASA RAO','1990','PC','Pendlimarry P.S.','9848723520','2','75'),(97,'P RAMA KRISHNA','1998','PC','Pendlimarry P.S.','9177447631','2','79'),(98,'P HARSHA VARDHAN','2009','PC','Pendlimarry P.S.','8897804916','2','83'),(99,'Dhanujaya Reddy','1480','PC','PCR, Kadapa.','9985243131','2','107'),(100,'G.TAJUDDIN','2056','PC','Pendlimarry P.S.','9160385381','2','87'),(101,'G.RAM BABU','2570','PC','Pendlimarry P.S.','9908321984','2','107'),(102,'S. ABDUL SHUKR','2719','PC','Pendlimarry P.S.','9849057843','2','88'),(103,'M.NAGAMUNI NAIK','2868','PC','Pendlimarry P.S.','9052744861','2','97'),(104,'O. Vijaya Kumar','1969','PC','PCR, Kadapa.','9440022317','2','107'),(105,'M.BHASKAR REDDY','123','SI','Vallur P.S.','9440796916','2','60'),(106,'M. Venu Gopal','1247','PC','PCR, Kadapa.','9948710109','2','107'),(107,'C RUSHENDRA BABU','204','SI','Kadapa II town P.S.','9966345659','2','109'),(108,'BRAHMAIAH','1628','HC','Vallur P.S.','9885782542','2','60'),(109,'M D NAIK','1407','HC','Kadapa II town P.S.','9440914921','2','113'),(110,'K.RASHEED','590','HC','Vallur P.S.','9849889695','2','60'),(111,'R. Ramudu','1243','PC','PCR, Kadapa.','9966860188','2','107'),(112,'Y SUBBARAYUDU','1746','HC','Kadapa II town P.S.','9989141741','2','113'),(113,'K.G.P SUNIL RAO','1161','HC','Vallur P.S.','9908927181','2','113'),(114,'K.V.N. Raju','1619','PC','PCR, Kadapa.','9441486703','2','107'),(115,'Y.SEKHAR','555','PC','Vallur P.S.','9566719196','2','60'),(116,'AFTER ALI KHAN','1505','PC','Vallur P.S.','9440750760','2','60'),(117,'RAM BABU','1506','PC','Vallur P.S.','9550241506','2','60'),(118,'J. Subramanyam','1828','PC','PCR, Kadapa.','8125411228','2','107'),(119,'P.BASHEER KHAN','1660','PC','Vallur P.S.','8886299602','2','60'),(120,'T.NARAHARI','2770','PC','Vallur P.S.','8886116183','2','60'),(121,'H.CHANDRA SEKHAR','2944','PC','Vallur P.S.','9440600694','2','60'),(122,'P.V. Prathap Reddy','1246','PC','PCR, Kadapa.','7799131918','2','107'),(123,'E.SREENIVASULU','2084','PC','C.K Dinne P.S.','9908662114','2','86'),(124,'Lakshmi Devi','367','WHC','PCR, Kadapa.','7396906978','2','98'),(125,'M.RAGHURAMUDU','2921','PC','Pendlimarry P.S.','9441319403','2','90'),(126,'K  CHAND BASHA','1940','HC','Kadapa II town P.S.','9441500582','2','111'),(127,'K.ANAND','2008','PC','Vallur P.S.','9989617784','2','61'),(128,'O CHANDRA GUPTHUDU','415','HC','Kadapa II town P.S.','9441500917','2','111'),(129,'M. Janardhan','1951','HC','PCR, Kadapa.','7396906978','2','111'),(130,'N CHANDRA REDDY','145','PC','Kadapa II town P.S.','9989490184','2','107'),(131,'E. Sreenivasulu','1708','HC','PCR, Kadapa.','9490135455','2','36'),(132,'V S DEVA PRASAD','162','PC','Kadapa II town P.S.','9553929402','2','108'),(133,'SUBBA LAKSHUMMA','WHG 123','WPC','C.K Dinne P.S.','9866412011','2','91'),(134,'P OBULESU','292','PC','Kadapa II town P.S.','9948243957','2','110'),(135,'P.V. Naik','1092','HC','PCR, Kadapa.','9849772661','2','111'),(136,'SUBBA REDDY','HG 181','PC','C.K Dinne P.S.','9866412011','2','79'),(137,'B PANCHA LINGALU','359','PC','Kadapa II town P.S.','9440957135','2','110'),(138,'RAMESH BABU','HG 696','PC','C.K Dinne P.S.','9652549890','2','80'),(139,'K. Khasim Peera','1020','HC','PCR, Kadapa.','9490685786','2','111'),(140,'JOSEPH','HG 324','PC','C.K Dinne P.S.','9177916616','2','82'),(141,'B THRIVEDI','365','PC','Kadapa II town P.S.','9440673340','2','114'),(142,'J.C. REDAIAH','HG 383','PC','C.K Dinne P.S.','9177765213','2','90'),(143,'RAVI','HG 848','PC','C.K Dinne P.S.','7893196934','2','90'),(144,'V. Siva Kumar','215','HC','PCR, Kadapa.','8982459865','2','111'),(145,'D BHASKAR','424','PC','Kadapa II town P.S.','9490987424','2','114'),(146,'M.NARASIMHA RAJU','HG 344','PC','Pendlimarry P.S.','9703461115','2','90'),(147,'P PRASAD','511','PC','Kadapa II town P.S.','9052066625','2','110'),(148,'P. CHANDRA SEKHAR','HG 623','PC','Pendlimarry P.S.','8106605766','2','90'),(149,'OBULESU','HG 860','PC','Pendlimarry P.S.','9666166236','2','91'),(150,'G ANNAIAH','622','PC','Kadapa II town P.S.','9441684078','2','110'),(151,'GAGULAIAHJ','HG 809','PC','Pendlimarry P.S.','9000409178','2','91'),(152,'K SUBBAIAH','951','PC','Kadapa II town P.S.','94403121','2','110'),(153,'P. Mohan','176','HC','PCR, Kadapa.','9440246442','2','111'),(154,'A BALA KRISHANA REDDUY','1321','PC','Kadapa II town P.S.','9441091667','2','114'),(155,'THULASI','WHG 166','WPC','Pendlimarry P.S.','9948286080','2','92'),(156,'G JANARDHAN REDDY','HG 508','PC','Vallur P.S.','9966220061','2','91'),(157,'Y.OBUL REDDY','HG 333','PC','Vallur P.S.','9701067594','2','91'),(158,'C.H Babu','1976','HC','PCR, Kadapa.','9849050429','2','111'),(159,'VENU','HG 72','PC','Kadapa Taluk P.S.','9701067594','2','93'),(160,'K BHASKAR NAIDU','1422','PC','Kadapa II town P.S.','9441501938','2','114'),(161,'M.L.N Reddy','1423','ASI','PCR, Kadapa.','9966625682','2','106'),(162,'G RAJENDRA PRASAD','22','CI','Yerraguntla P.S.','9440796918','2','65'),(163,'Varma','850','ASI','PCR, Kadapa.','9966625682','2','106'),(164,'B SUBBA RAO','1469','PC','Kadapa II town P.S.','9059791469','2','114'),(165,'S.RAMA CHANDRAIAH','527','ASI','Yerraguntla P.S.','9440979566','2','106'),(166,'J.NAGAIAH','591','HC','Yerraguntla P.S.','9490464515','2','65'),(167,'S. Shareef','944','ASI','PCR, Kadapa.','9441433744','2','106'),(168,'M.SREENIVASULU','1396','HC','Yerraguntla P.S.','9441500231','2','65'),(169,'K VENKATAIAH','1778','HC','Yerraguntla P.S.','8096619456','2','111'),(170,'K. Bhaskar Reddy','1352','ASI','PCR, Kadapa.','9440880472','2','106'),(171,'M. RAMU','1936','HC','Yerraguntla P.S.','9885768060','2','111'),(172,'K.NAGANJANEYULU','213','PC','Yerraguntla P.S.','9550713190','2','75'),(173,'M.M. Basha','427','ASI','PCR, Kadapa.','9000776027','2','102'),(174,'P.SUDHAKAR','544','PC','Yerraguntla P.S.','9441988355','2','75'),(175,'S GHOUSE MOHIDDIN','1583','PC','Kadapa II town P.S.','9885145914','2','108'),(176,'M KIRAN BABU','894','PC','Yerraguntla P.S.','9642433104','2','75'),(177,'P KISHORE','1066','PC','Yerraguntla P.S.','9966608897','2','75'),(178,'P.V. Chalapathi','943','ASI','PCR, Kadapa.','8985544919','2','102'),(179,'K UDAY KUMAR','1596','PC','Kadapa II town P.S.','8978332208','2','114'),(180,'C RAMANJANEYULU','1416','PC','Yerraguntla P.S.','9502489435','2','80'),(181,'K. Obaiah','522','ASI','PCR, Kadapa.','9441403895','2','102'),(182,'K PAMULETI','1511','PC','Yerraguntla P.S.','9502489435','2','80'),(183,'P VENKATESWAR RAO','1668','PC','Kadapa II town P.S.','9059308586','2','108'),(184,'M.KONDA REDDY','1662','PC','Yerraguntla P.S.','9701847746','2','80'),(185,'V.J. Raju','157','ASI','PCR, Kadapa.','9866634756','2','106'),(186,'B.SIVA BHASKAR REDDY','1805','PC','Yerraguntla P.S.','9441739343','2','90'),(187,'M.GANGADHAR','1843','PC','Yerraguntla P.S.','9849945783','2','90'),(188,'T H RAM BABU','431','PC','Kadapa II town P.S.','9492286252','2','110'),(189,'B..SREE HARI','1874','PC','Yerraguntla P.S.','9948497728','2','90'),(190,'S. Thalib Ali','06','SI','PCR, Kadapa.','9440403305','2','106'),(191,'M.DASTAGIRI REDDY','2053','PC','Yerraguntla P.S.','9912629379','2','90'),(192,'L.JAYANTHI','2173','WPC','Yerraguntla P.S.','9703971616','2','65'),(193,'C.M Rajendra','05','SI','PCR, Kadapa.','9642959757','2','106'),(194,'C.NAGENDRA KUMAR','2627','PC','Yerraguntla P.S.','9502744121','2','90'),(195,'J.SUNEEL','2723','PC','Yerraguntla P.S.','9949875908','2','90'),(196,'K.V. PULLA REDDY','2854','PC','Yerraguntla P.S.','9490245196','2','90'),(197,'M. Venkateswarlu','29','SI','PCR, Kadapa.','9849650762','2','106'),(198,'N RAMESH BABU','2135','PC','Kadapa II town P.S.','9949163283','2','110'),(199,'P PRASANNA','2151','WPC','Kadapa II town P.S.','9963621590','2','65'),(200,'N.VARA PRASAD','64','SI','G.R Palli P.S.','9440796922','2','66'),(201,'S.SUBBA RAJU','1652','ASI','G.R Palli P.S.','9177787950','2','108'),(202,'M.ANJANEYULU','109','HC','G.R Palli P.S.','9441219968','2','111'),(203,'L.C.SEKHAR REDDY','1898','HC','G.R Palli P.S.','9440312270','2','111'),(204,'Y.ALFRED','1981','HC','G.R Palli P.S.','8008449961','2','111'),(205,'K.AYYAVARU REDDY','1830','PC','G.R Palli P.S.','9440145562','2','75'),(206,'V.SREENIVASULU','1826','PC','G.R Palli P.S.','9963897254','2','66'),(207,'O.OBULESU','2078','PC','G.R Palli P.S.','9441131443','2','66'),(208,'K.BABU REDDY','2087','PC','G.R Palli P.S.','9966984984','2','75'),(209,'C. Chandra Babu','H.G. 962','PC','Yerraguntla P.S.','9912481945','2','92'),(210,'P.SUDHAKAR','2124','PC','G.R Palli P.S.','9966209689','2','90'),(211,'R.BABU','2724','PC','G.R Palli P.S.','8143204001','2','90'),(212,'D. Reddy Sekhar','H.G. 880','PC','Yerraguntla P.S.','9703105524','2','92'),(213,'B.R.S REDDY','2843','PC','G.R Palli P.S.','9160965419','2','90'),(214,'M NARAYANA','2908','PC','G.R Palli P.S.','8500024761','2','90'),(215,'MOHAMMAD RAFI','28','SI','Kamalapuram P.S.','9440796920','2','65'),(216,'M. Pusharaju','PLC H.G. 114','PC','Yerraguntla P.S.','7386962568','2','92'),(217,'NARASIMHULU','100','ASI','Kamalapuram P.S.','9951276757','2','109'),(218,'K. Krishnaiah','H.G. 596','PC','Yerraguntla P.S.','9985625359','2','92'),(219,'T.NAGARAJU','985','ASI','Kamalapuram P.S.','9440678354','2','108'),(220,'B.UMA MAHESWAR REDDY','186','HC','Kamalapuram P.S.','9652929545','2','111'),(221,'S.VENKATESWARULU','395','HC','Kamalapuram P.S.','9494880762','2','111'),(222,'B.NARAYANA','1956','HC','Kamalapuram P.S.','9866440760','2','111'),(223,'Prathap Reddy','H.G. 901','PC','Yerraguntla P.S.','9000637720','2','92'),(224,'Uday Kumar','H.G. 785','PC','Yerraguntla P.S.','9866141566','2','93'),(225,'A.SREENIVASULU','179','PC','Kamalapuram P.S.','9160326370','2','90'),(226,'Pulla Reddy','H.G. 714','PC','Yerraguntla P.S.','9440551805','2','93'),(227,'U.SUBBA RAYUDU','2773','PC','Kamalapuram P.S.','9966320318','2','90'),(228,'K. Gopal','H.G. 175','PC','Yerraguntla P.S.','9494921175','2','93'),(229,'J.RAVI KUMAR','23','SI','Kalamala P.S.','9440796921','2','85'),(230,'T.NARASUMHULU','738','ASI','Kalamala P.S.','9848687883','2','109'),(231,'Vardhan Reddy','H.G. 812','PC','Yerraguntla P.S.','7382163098','2','93'),(232,'K.P.B. LAKSHMI REDDY','331','HC','Kalamala P.S.','9440589298','2','111'),(233,'Balaji','H.G. 762','PC','Yerraguntla P.S.','9494075584','2','108'),(234,'Y.GURU BHAKSAR','1957','PC','Kalamala P.S.','9912291931','2','90'),(235,'B.CHANDRA SEKHAR','2631','PC','Kalamala P.S.','9154902733','2','90'),(236,'R.VENKATESWARULU','2849','PC','Kalamala P.S.','8801100048','2','90'),(237,'S.Md. Rafi','H.G 842','PC','Kamalapuram P.S.','9866045041','2','108'),(238,'K. Rama Krshna','H.G. 489','PC','Kamalapuram P.S.','9494077112','2','108'),(239,'S.C.S. Lakshmi Devi','W.H.G 340','PC','Kamalapuram P.S.','9966184153','2','116'),(240,'Prabhakar Reddy','H.G. 633','PC','G.R Palli P.S.','9704497723','2','66'),(241,'Bhaskar Reddy','H.G. 337','PC','G.R Palli P.S.','9704094254','2','66'),(242,'Prakash Reddy','H.G. 391','PC','G.R Palli P.S.','9705864383','2','108'),(243,'N. Nathaniel','H.G. 883','PC','Kalamala P.S.','9440987871','2','110'),(244,'G. Sreekanth','H.G. 965','PC','Kalamala P.S.','9848624849','2','110'),(245,'N. Rajeswar Reddy','69','SI','Kadapa Taluk P.S.','9440796907','2','53'),(246,'P.Hussain Khan','635','SI','Kadapa Taluk P.S.','9989617880','2','106'),(247,'K.C.M.Varma','1614','ASI','Kadapa Taluk P.S.','9440640815','2','118'),(248,'B.Sreenivasa Naik','1715','ASI','Kadapa Taluk P.S.','9642656538','2','107'),(249,'A.Narayana Reddy','1268','ASI','Kadapa Taluk P.S.','9573106293','2','109'),(250,'P.Badulla','1143','HC','Kadapa Taluk P.S.','9440692802','2','111'),(251,'B.Papa Naik','1185','HC','Kadapa Taluk P.S.','9440965442','2','111'),(252,'K.M.M.Raju','1780','HC','Kadapa Taluk P.S.','9440093762','2','113'),(253,'G.Varalu','114','WPC','Kadapa Taluk P.S.','9492025966','2','65'),(254,'A.Siva PRasad','136','PC','Kadapa Taluk P.S.','9492562635','2','106'),(255,'N.Ramanaiah','208','PC','Kadapa Taluk P.S.','9849185178','2','106'),(256,'O.Malleswari','466','WPC','Kadapa Taluk P.S.','9959532549','2','79'),(257,'P.Rayudu','1030','PC','Kadapa Taluk P.S.','9440167442','2','106'),(258,'P KIRAN BABU','1737','PC','Kadapa Taluk P.S.','9652406162','2','106'),(259,'A CHENNAKESAVULU','1793','PC','Kadapa Taluk P.S.','9440118316','2','106'),(260,'MOHAN REDDY','1825','PC','Kadapa Taluk P.S.','9642074226','2','106'),(261,'G.R SUBBAIAH','2011','PC','Kadapa Taluk P.S.','9000083369','2','114'),(262,'G ASHOK KUMAR','2575','PC','Kadapa Taluk P.S.','9849157358','2','106'),(263,'M NAGENDRA NAIK','2618','PC','Kadapa Taluk P.S.','9885161287','2','106'),(264,'N SRIKANTH','2649','PC','Kadapa Taluk P.S.','9493699770','2','106'),(265,'M NARENDRA RAJU','2785','PC','Kadapa Taluk P.S.','9177814318','2','106'),(266,'C N SIVA KUMAR','3025','PC','Kadapa Taluk P.S.','9959332319','2','106'),(267,'P KIRAN KUMAR','1406','PC','Kadapa Taluk P.S.','9000719326','2','106'),(268,'G RAMESH','2879','PC','Kadapa Taluk P.S.','9948063164','2','106'),(269,'S VINOD KUMAR','86','SI','Chennur P.S.','9440796910','2','109'),(270,'K YELLAMA RAJU','284','ASI','Chennur P.S.','9052700318','2','118'),(271,'R ANWAR','1499','ASI','Chennur P.S.','9989356673','2','118'),(272,'P P YADAV','702','HC','Chennur P.S.','98666718967','2','113'),(273,'O CHANDRA SEKHAR','1965','HC','Chennur P.S.','7893159161','2','113'),(274,'P VENKATESWAR REDDY','525','PC','Chennur P.S.','9491363759','2','106'),(275,'M R G SEKHAR','743','PC','Chennur P.S.','9705498071','2','106'),(276,'J PRASAD','1201','PC','Chennur P.S.','7893256886','2','106'),(277,'A ESWARAIAH','1524','PC','Chennur P.S.','9441153821','2','106'),(278,'M RAJANI','2154','WPC','Chennur P.S.','9052031424','2','89'),(279,'T C OBULAMMA','2169','WPC','Chennur P.S.','9010411264','2','89'),(280,'S PRADEEP KUMAR','2526','PC','Chennur P.S.','7799262656','2','106'),(281,'K MANISH','2847','PC','Chennur P.S.','9000999820','2','106'),(282,'D GANGA RAJU','353','PC','Chennur P.S.','9966439143','2','106'),(283,'S SREENIVASULU','2082','PC','Chennur P.S.','9642223289','2','106'),(284,'RAVINDRANATH REDDY','HG 957','PC','Chennur P.S.','8985460106','2','97'),(285,'SIVA KUMAR','HG 532','PC','Chennur P.S.','9989987922','2','97'),(286,'RADHIKA','WHG 636','PC','Chennur P.S.','7893631898','2','116'),(287,'PRASAD','HG 686','PC','Kadapa Taluk P.S.','9573053255','2','97'),(288,'BASAVAIAH','HG 595','PC','Kadapa Taluk P.S.','9573053255','2','97'),(289,'NAGARAJU','HG 446','PC','Kadapa II town P.S.','9989141405','2','98'),(290,'RAJKUMAR','HG 920','PC','Kadapa II town P.S.','9502944120','2','98'),(291,'L.V PRASAD','536','PC','C. Chowk U/G P.S.','8332850078','2','106'),(292,'G.SIVAIAH','501','PC','C. Chowk U/G P.S.','9440106790','2','103'),(293,'J.RAJA SEKHAR','HG 146','PC','Kadapa II town P.S.','9441843082','2','98'),(294,'D.HARINATH REDDY','HG 168','PC','Kadapa I town P.S.','9492909452','2','98'),(295,'J.SREENIVASULU','HG 382','PC','Kadapa I town P.S.','9949103744','2','98'),(296,'J.SREENIVASULU','HG 382','PC','Kadapa I town P.S.','9949103755','2','99'),(297,'B.RAMANAIAH','HG 606','PC','Kadapa I town P.S.','9502213967','2','99'),(298,'M.AKBAR BABU','HG 659','PC','Kadapa I town P.S.','9441848985','2','99'),(299,'K.SREENIVASULU','HG 959','PC','Kadapa I town P.S.','9966786309','2','99'),(300,'SMT.NEELAM POOJITHA','3','DSP','Proddatur I Town P.S.','9440796935','2','100'),(301,'E.BALASWAMY REDDY','5','CI','Proddatur I Town P.S.','9440796936','2','85'),(302,'G.OBULESSU','6','CI','Proddatur I Town P.S.','9440796940','2','92'),(303,'K CHINNA PEDDAIAH','6','SI','Proddatur (R) P.S.','9502628001','2','93'),(304,'M.MANJUNATHA REDDY','70','SI','Proddatur 2 town P.S.','9440796938','2','89'),(305,'R SURESH','209','SI','Proddatur Traffic P.S.','9440796965','2','102'),(306,'K.CHALAPATHI NAIK','27','SI','Proddatur Traffic P.S.','9441446236','2','102'),(307,'C GOVIND SWAMY','921','SI','PCR, Proddatur','9441552871','2','109'),(308,'P RAMUDU','13','SI','PCR, Proddatur','8374573631','2','109'),(309,'D C OBAIAH','16','SI','PCR, Proddatur','9440944853','2','110'),(310,'G MD BASHA','7','SI','Proddatur (R) P.S.','9441401714','2','113'),(311,'R SREENIVASULU','8','SI','Rajupalem P.S.','9440796941','2','113'),(312,'J SIVA SANKAR','8','SI','Chapadu P.S.','9440796943','2','113'),(313,'S V PRATHAP','1021','ASI','Proddatur I Town P.S.','9441186755','2','109'),(314,'A.V. RAJAMANI','411','WHC','Proddatur I Town P.S.','9491943156','2','93'),(315,'P RAM BHUPAL REDDY','731','HC','Proddatur I Town P.S.','9440013684','2','87'),(316,'P RAMA CHANDRUDU','1028','HC','Proddatur I Town P.S.','9441985297','2','88'),(317,'M RAMESH','1335','HC','Proddatur I Town P.S.','9492407122','2','113'),(318,'T V RAMANA','1761','HC','Proddatur 2 town P.S.','9441086269','2',''),(319,'S VASU','1939','HC','Proddatur 2 town P.S.','9000183048','2',''),(320,'S IBRAHIM','2038','HC','Proddatur 2 town P.S.','9440740642','2',''),(321,'B DEEPLA NAIK','1667','HC','Proddatur 2 town P.S.','9963241323','2','117'),(322,'U RAJA GOPAL REDDY','1078','ASI','Proddatur 3 town P.S.','9491101689','2','107'),(323,'C MUNI CHANDRA','1124','ASI','Proddatur 3 town P.S.','9440382533','2','109'),(324,'C V DEVA PRASAD','1108','HC','Proddatur 3 town P.S.','8500224541','2','117'),(325,'P RAMUDU','426','HC','Proddatur 3 town P.S.','9441238896','2',''),(326,'G GOPAL','1178','HC','Proddatur 3 town P.S.','9491515647','2',''),(327,'NV NARSAIAH','487','ASI','Proddatur Traffic P.S.','9440305484','2','109'),(328,'U.B.L PRASAD','1121','ASI','Proddatur Traffic P.S.','9985110199','2','109'),(329,'S.CH PULLAIAH','1111','HC','Proddatur Traffic P.S.','9441287936','2',''),(330,'T.V. NARASIMHUlu','1168','HC','Proddatur Traffic P.S.','9441403255','2','118'),(331,'S RAJA REDDY','524','HC','Proddatur Traffic P.S.','9491426233','2','118'),(332,'S SIVA SANKAR REDDY','548','HC','Proddatur Traffic P.S.','9059725626','2','118'),(333,'M BHASKAR','1483','ASI','PCR, Proddatur','8886287969','2','109'),(334,'A GHOUSE PEER SAHEB','1900','HC','PCR, Proddatur','9490653338','2','118'),(335,'O KHADER VALI','1410','HC','PCR, Proddatur','9848016735','2','118'),(336,'S SANKAR RAO','1068','ASI','Proddatur (R) P.S.','9949058996','2','93'),(337,'M RAJA REDDY','1097','ASI','Proddatur (R) P.S.','9441275574','2','109'),(338,'G GANGANNA','1697','ASI','Proddatur (R) P.S.','9989468643','2','109'),(339,'P NARAYANA','1682','ASI','Proddatur (R) P.S.','9441831706','2','109'),(340,'A LAKSHMIPATHI REDDY','1949','HC','Proddatur (R) P.S.','9440688137','2','118'),(341,'K RAMANA MURTHY','1696','ASI','Rajupalem P.S.','9951724586','2','109'),(342,'K.V SUBBAIAH','1544','ASI','Rajupalem P.S.','9010665938','2','109'),(343,'J RAVI  KUMAR','1891','HC','Rajupalem P.S.','9440222883','2','118'),(344,'P GANGADHAR YADAV','1942','HC','Rajupalem P.S.','9885128128','2','93'),(345,'RAMANA','1400','HC','Rajupalem P.S.','9885122185','2','84'),(346,'S.H AHAMED','984','ASI','Chapadu P.S.','8523896464','2','109'),(347,'D SURESH BABU','1688','HC','Chapadu P.S.','9505662789','2','118'),(348,'M.V SUBBAIAH','260','PC','Proddatur I Town P.S.','8985259724','2','81'),(349,'R CHANDRA','2738','PC','Proddatur I Town P.S.','9963170720','2','81'),(350,'P ESWAR REDDY','26','SI','CCS, Kadapa.','9573735050','2','90'),(351,'P SIVAIAH','2788','PC','Proddatur I Town P.S.','9160533149','2','82'),(352,'T BHASKAR','2883','PC','Proddatur I Town P.S.','9985606891','2','85'),(353,'V NAGAMUNI','1216','SI','CCS, Kadapa.','7386895277','2','90'),(354,'S.BALAJI','2919','PC','Proddatur I Town P.S.','9963092919','2','103'),(355,'K VISHWANATH REDDY','1921','PC','Proddatur I Town P.S.','9440964984','2','103'),(356,'R VEERANJANEYULU','2072','PC','Proddatur I Town P.S.','9885118913','2','103'),(357,'P OBULERSU','1491','PC','Proddatur I Town P.S.','9177769587','2','36'),(358,'S VENKATESWARULU','3115','PC','Proddatur I Town P.S.','7893678251','2','36'),(359,'T OBULESU','1197','PC','Proddatur I Town P.S.','9441636113','2','103'),(360,'B RAMA KRISHNA','8546','CI','C. Chowk U/G P.S.','9440796911','2','110'),(361,'YS MADHAV REDDY','1372','PC','Proddatur I Town P.S.','9985623540','2','103'),(362,'B SIVA NAGI REDDY','2294','PC','Proddatur I Town P.S.','9866844265','2','103'),(363,'P CHINNA SUBBAIAH','440','PC','Proddatur I Town P.S.','9490633626','2','103'),(364,'CR SUBBA RAYUDU','2702','PC','Proddatur I Town P.S.','9985311749','2','103'),(365,'N SIHA RAYUDU','592','PC','Proddatur I Town P.S.','9618787625','2','103'),(366,'A V RAMANA','1768','PC','Proddatur I Town P.S.','9703311068','2','106'),(367,'P YOGENDRA','44','SI','C. Chowk U/G P.S.','9491781688','2','109'),(368,'P SATYANARAYANA','990','PC','Proddatur I Town P.S.','9492408961','2','106'),(369,'M BRAHMAIAH','360','PC','Proddatur I Town P.S.','9440833482','2','106'),(370,'M V RAMANA','586','PC','Proddatur I Town P.S.','9441668310','2','106'),(371,'S  V SUBBAIAH','1496','PC','Proddatur I Town P.S.','9493439594','2','106'),(372,'G SIVA SANKAR','2697','PC','Proddatur 2 town P.S.','9885437104','2','84'),(373,'J DHANUNJAYUDU','115','SI','C. Chowk U/G P.S.','9440796913','2','110'),(374,'M CHANDRA NAIK','2841','PC','Proddatur 2 town P.S.','9493366696','2','84'),(375,'K SUBRAMANYAM','2875','PC','Proddatur 2 town P.S.','9949791826','2','84'),(376,'S RAMA KRISHNUDU','143','SI','C. Chowk U/G P.S.','8121142550','2','80'),(377,'G SREENIVASULU','2884','PC','Proddatur 2 town P.S.','9502454213','2','85'),(378,'S S GANGAIAH','1447','ASI','C. Chowk U/G P.S.','9959214368','2','110'),(379,'D DASTAGIRI','2898','PC','Proddatur 2 town P.S.','8897717199','2','93'),(380,'V PRATHAP REDDY','3021','PC','Proddatur 2 town P.S.','7396011700','2','93'),(381,'M NARAYANA RAO','206','ASI','C. Chowk U/G P.S.','9440682257','2','110'),(382,'G RAMA CHANDRA RAJU','3105','PC','Proddatur 2 town P.S.','9441589377','2','93'),(383,'D LAKSHMI NARAYANA','1454','PC','Proddatur 2 town P.S.','9494608852','2','93'),(384,'S SRINIVASA REDDY','557','ASI','C. Chowk U/G P.S.','9985334341','2','110'),(385,'P SIVA PRASAD','1572','PC','Proddatur 2 town P.S.','7396015787','2','93'),(386,'L NAGA SUBBAIAH','2797','PC','Proddatur 2 town P.S.','9573760758','2','93'),(387,'T GOURI NATH','782','HC','C. Chowk U/G P.S.','8519853109','2','104'),(388,'M TIRUMALAIAH','1359','PC','Proddatur 2 town P.S.','9985130180','2','102'),(389,'V MUNI REDDY','1732','PC','Proddatur 2 town P.S.','7386727401','2','102'),(390,'K SURENDRA','2632','PC','Proddatur 2 town P.S.','998594683','2','102'),(391,'D PRABHAKAR','1705','HC','C. Chowk U/G P.S.','9440640435','2','118'),(392,'N CHANDRA NAIK','2887','PC','Proddatur 3 town P.S.','8008448825','2','84'),(393,'S SUBBA RAMA CHANDRA','1237','HC','C. Chowk U/G P.S.','9492805593','2','104'),(394,'M ANJANEYULU','2698','PC','Proddatur 3 town P.S.','779912049','2','85'),(395,'S V SUBBA RAO','744','HC','C. Chowk U/G P.S.','9703424530','2','104'),(396,'A PRASAD','2768','PC','Proddatur 3 town P.S.','9550662552','2','102'),(397,'A NAGESWAR REDDY','2874','PC','Proddatur 3 town P.S.','9494738701','2','102'),(398,'U BRAMHAM','2924','PC','C. Chowk U/G P.S.','8106556889','2','102'),(399,'G SURESH BABU','1528','PC','Proddatur 3 town P.S.','9440326176','2','102'),(400,'K BALA SUBRAMANYAM','753','PC','C. Chowk U/G P.S.','9440223080','2','102'),(401,'MD JAMALULLAH KHAN','512','PC','Proddatur 3 town P.S.','7793963646','2','102'),(402,'M PURUSHOTTAM','690','PC','Proddatur 3 town P.S.','8179486151','2','102'),(403,'T SRINIVASULU','647','PC','C. Chowk U/G P.S.','8522868863','2','106'),(404,'L S P REDDY','697','PC','C. Chowk U/G P.S.','9440742278','2','106'),(405,'P.VEERA POTHULURAIAH','847','PC','Proddatur 3 town P.S.','9849992277','2','106'),(406,'P OBULESU','809','PC','C. Chowk U/G P.S.','9603124084','2','106'),(407,'B SURESH','2749','PC','Proddatur 3 town P.S.','8505264223','2','106'),(408,'G V LAXMAIAH','831','PC','C. Chowk U/G P.S.','9492588288','2','106'),(409,'K RAGHUNATH REDDY','2117','PC','Proddatur 3 town P.S.','9492186171','2','106'),(410,'K JANARDAHAN RAJU','866','PC','C. Chowk U/G P.S.','9490080566','2','106'),(411,'P NAVEEN KUMAR','751','PC','Proddatur 3 town P.S.','9553558555','2','84'),(412,'E OBULAIAH','2769','PC','Proddatur Traffic P.S.','9963631968','2','85'),(413,'M NARENDRA NATH','1832','PC','C. Chowk U/G P.S.','9440972060','2','106'),(414,'Y NARASIMHA NAIDU','2770','PC','Proddatur Traffic P.S.','9989838985','2','86'),(415,'K DASTHAGIRI','2001','PC','C. Chowk U/G P.S.','9703520910','2','106'),(416,'G DASTAGIRI RAJU','2903','PC','Proddatur Traffic P.S.','9491229736','2','106'),(417,'P SUDHAKAR','715','PC','Proddatur Traffic P.S.','7396288228','2','106'),(418,'B MANOHAR','974','PC','Proddatur Traffic P.S.','9866806946','2','110'),(419,'K NAGARAJU','3118','PC','C. Chowk U/G P.S.','9908119804','2','110'),(420,'B YASHWANTH KUMAR','1033','PC','Proddatur Traffic P.S.','7093250260','2','110'),(421,'G V SUBBA REDDY','3117','PC','C. Chowk U/G P.S.','9642201586','2','114'),(422,'DV LAKSHMI KUMAR','1117','PC','Proddatur Traffic P.S.','9652399862','2','113'),(423,'P NAGESH','1327','PC','Proddatur Traffic P.S.','9985659795','2','113'),(424,'V CHENDRAYUDU','1551','PC','C. Chowk U/G P.S.','9491101519','2','113'),(425,'N SANJEEVA RAYUDU','1392','PC','Proddatur Traffic P.S.','9866005956','2','113'),(426,'B RAMA KRISHNA REDDY','1743','PC','Proddatur Traffic P.S.','8008404035','2','113'),(427,'C GURRAIAH','229','PC','C. Chowk U/G P.S.','9494811996','2','113'),(428,'S ABDUL SAHUL','1498','PC','C. Chowk U/G P.S.','9247131019','2','113'),(429,'R BALA YESU (TR)','1759','PC','Proddatur Traffic P.S.','9491937745','2','110'),(430,'M V KIRAN KUMAR','19','PC','C. Chowk U/G P.S.','9441208061','2','113'),(431,'M SUBBA RAYUDU (TR)','2776','PC','Proddatur Traffic P.S.','9177707774','2','110'),(432,'V THIRUPATHAIAH','564','PC','C. Chowk U/G P.S.','9666198514','2','114'),(433,'C VEERANNA (TR)','3026','PC','Proddatur Traffic P.S.','9100542383','2','110'),(434,'A KUMAR (TR)','3028','PC','Proddatur Traffic P.S.','9642522988','2','110'),(435,'m srinivasa rao','1550','PC','C. Chowk U/G P.S.','8519968196','2','114'),(436,'S CHANDRA (TR)','3031','PC','Proddatur Traffic P.S.','9490038446','2','110'),(437,'N UPENDRA (TR)','3045','PC','Proddatur Traffic P.S.','9493447488','2','109'),(438,'M LINGAMAIAH (TR)','3056','PC','Proddatur Traffic P.S.','9247255125','2','109'),(439,'B CHANDRA SEKHAR (TR)','1970','PC','Proddatur Traffic P.S.','9491354486','2','109'),(440,'DAMODHAR (TR)','2510','PC','Proddatur Traffic P.S.','9966224832','2','109'),(441,'K NGARAJU (TR)','1629','PC','Proddatur Traffic P.S.','9703560817','2','109'),(442,'T SEKHAR BABU','1602','PC','C. Chowk U/G P.S.','9966301390','2','109'),(443,'P CHANDRA','531','PC','PCR, Proddatur','9440694980','2','109'),(444,'P RAVEENDRA','237','PC','C. Chowk U/G P.S.','9703526113','2','109'),(445,'P NAGANNA','2521','PC','Proddatur (R) P.S.','9985702720','2','100'),(446,'S CHENCHAIAH','2688','PC','Proddatur (R) P.S.','9704210676','2','100'),(447,'U SUDARSAN RAJU','129','PC','C. Chowk U/G P.S.','9966359057','2','109'),(448,'A VIJAY KUMAR','2048','PC','Proddatur (R) P.S.','9704445446','2','100'),(449,'V SRINIVASULU','313','PC','C. Chowk U/G P.S.','9505895743','2','109'),(450,'B RAVI KUMAR','725','PC','Proddatur (R) P.S.','9493489507','2','100'),(451,'T MADHUSUDHAN REDDY','1329','PC','Proddatur (R) P.S.','9010031159','2','100'),(452,'R B SHAMINI','2166','WPC','C. Chowk U/G P.S.','8086888763','2','89'),(453,'P SUBBA RAYUDU','2115','PC','Proddatur (R) P.S.','9705868971','2','100'),(454,'T THRIVENI','2063','WPC','C. Chowk U/G P.S.','9704420903','2','80'),(455,'B RAMANJULU','2819','PC','Proddatur (R) P.S.','9493221641','2','108'),(456,'M RAMANJANEYULU','2812','PC','Proddatur (R) P.S.','9493221641','2','100'),(457,'T  B JAMES','1726','PC','Proddatur (R) P.S.','9849265022','2','100'),(458,'CH JOEB','402','PC','Proddatur (R) P.S.','9100645771','2','100'),(459,'G LAKSHMANA RAO','2541','PC','Proddatur (R) P.S.','9985936696','2','100'),(460,'P VENKATA SUBBAIAH','2789','PC','Proddatur (R) P.S.','9502589101','2','108'),(461,'E KAMAL BASHA','2203','PC','Proddatur (R) P.S.','9703870932','2','108'),(462,'D NARASIMHULU','1409','PC','Proddatur (R) P.S.','8661090168','2','108'),(463,'N MALLI KARJUNA','HG 224','PC','C. Chowk U/G P.S.','8019970398','2','84'),(464,'D RAMA KRISHNA','1858','PC','Proddatur (R) P.S.','9490633599','2','108'),(465,'B MAHABOOB BASHA','137','PC','Rajupalem P.S.','9989467718','2','108'),(466,'K VARA PRASAD','252','PC','Rajupalem P.S.','8374736097','2','108'),(467,'K KRISHANA PRASAD','HG 8','PC','C. Chowk U/G P.S.','8008228506','2','84'),(468,'M SUNIL','344','PC','Rajupalem P.S.','9440466933','2','109'),(469,'I IMDADULLAH','977','PC','Rajupalem P.S.','9494880910','2','109'),(470,'M OBULESU','1912','PC','Rajupalem P.S.','9177211912','2','109'),(471,'A BALA RAMI REDDY','1238','PC','Rajupalem P.S.','9951551933','2','109'),(472,'K LAKSHMIKANTH REDDY','2141','PC','Rajupalem P.S.','9492406107','2','109'),(473,'G KARIMULLA','2589','PC','Rajupalem P.S.','9052985141','2','109'),(474,'SK MAHABOOB SUBHANI','2596','PC','Rajupalem P.S.','9966635757','2','109'),(475,'C RAJA SEKHAR','550','PC','Rajupalem P.S.','7799004369','2','109'),(476,'P JAGADESH','2801','PC','Rajupalem P.S.','9177036730','2','109'),(477,'U RAVI KUMAR','2540','PC','Chapadu P.S.','8297917957','2','109'),(478,'K NAGARAJU','2668','PC','Chapadu P.S.','8897087505','2','109'),(479,'K SUBBAIAH','3111','PC','Chapadu P.S.','9949830873','2','109'),(480,'M GANGA MAHESH','2595','PC','Chapadu P.S.','9966550233','2','109'),(481,'AV SUBBAIAH','3104','PC','Chapadu P.S.','9908589133','2','109'),(482,'K RAMESH KUMAR BBAU','1503','PC','Chapadu P.S.','9963122112','2','109'),(483,'S RAGHAVA REDDY','706','PC','Chapadu P.S.','8106549277','2','109'),(484,'K VENKATESWARULU','1844','PC','Chapadu P.S.','9866402205','2','91'),(485,'C N S GIRI BABU','1879','PC','Chapadu P.S.','9177492271','2','91'),(486,'R LAKSHMI PRASANNA','255','WPC','Proddatur I Town P.S.','9573339055','2','80'),(487,'P KAVITHA','2175','WPC','Proddatur 3 town P.S.','9052660176','2','89'),(488,'S SAROJA','2150','WPC','Proddatur 3 town P.S.','9440313058','2','89'),(489,'B SANTHOSH DEEPAK','HG 892','PC','C. Chowk U/G P.S.','7093393035','2','84'),(490,'M LAKSHMI DEVI','298','WPC','Proddatur 3 town P.S.','9492670278','2','89'),(491,'T SIVA KUMAR','HG 44','PC','Proddatur I Town P.S.','9676434088','2','85'),(492,'M KARUNAKAR BABU','HG 71','PC','Proddatur I Town P.S.','7386865772','2','86'),(493,'T VIJAYA RAJU','HG 85','PC','Proddatur I Town P.S.','9492462326','2','99'),(494,'N VENKATA SUBBAIAH','HG 89','PC','Proddatur 2 town P.S.','7799511954','2','100'),(495,'B PULLA REDDY','HG 97','PC','Proddatur I Town P.S.','9441684428','2','100'),(496,'S KHAJA MOHIDDIN','HG 104','PC','Proddatur I Town P.S.','9866718349','2','101'),(497,'O RAMA SUBBAIAH','HG 106','PC','Proddatur I Town P.S.','9908050341','2','101'),(498,'S OBULESU','HG 217','PC','Proddatur I Town P.S.','7674959750','2','102'),(499,'S MOHAMMAD RAFI','HG 250','PC','Proddatur I Town P.S.','9493141407','2','102'),(500,'K RAVINDRA','HG 909','PC','Proddatur I Town P.S.','9059801242','2','102'),(501,'Y FAKRULLAH','HG 309','PC','Proddatur I Town P.S.','9985939948','2','102'),(502,'S BHASKAR','HG 316','PC','Proddatur I Town P.S.','9966787101','2','107'),(503,'K RAMA DASU','HG 132','PC','Chennur P.S.','9704385260','2','107'),(504,'D SREENIVASULU','HG 336','PC','Proddatur I Town P.S.','9963913696','2','107'),(505,'R UPENDRA','HG 352','PC','Proddatur I Town P.S.','7386152845','2','107'),(506,'E PENCHALAIAH','HG 369','PC','Proddatur I Town P.S.','9032734283','2','108'),(507,'P RADHIKA','WHG 636','PC','Chennur P.S.','7893631898','2','100'),(508,'C VEERAIAH','HG 380','PC','Proddatur I Town P.S.','9701852468','2','108'),(509,'C RAMA SUBBAIAH','HG 424','PC','Proddatur I Town P.S.','9951822696','2','108'),(510,'M PICHAIAH','HG 425','PC','Proddatur I Town P.S.','9490135898','2','108'),(511,'CHINNA OBULESU','HG 437','PC','Proddatur I Town P.S.','9010905455','2','108'),(512,'P SIVA KUMAR','HG 470','PC','Proddatur I Town P.S.','9618878966','2','108'),(513,'P RAMESH','HG 483','PC','Proddatur I Town P.S.','9642421176','2','106'),(514,'A VENKATESU','HG 535','PC','Proddatur I Town P.S.','9246319956','2','106'),(515,'J SREEKANTH','HG 544','PC','Proddatur I Town P.S.','8008183932','2','106'),(516,'N RAJ BHUPAL REDDY','HG 765','PC','Proddatur I Town P.S.','9959251945','2','106'),(517,'P N SUBBA REDDY','HG 528','PC','Chennur P.S.','9000781951','2','106'),(518,'N SUBRAMANYAM','HG 874','PC','Proddatur I Town P.S.','9490180925','2','106'),(519,'N MALLIKARJUNA','HG 877','PC','Proddatur I Town P.S.','8019999818','2','106'),(520,'C SURESH','HG 885','PC','Proddatur I Town P.S.','8790578593','2','63'),(521,'K SUBBARAM YADAV','HG 899','PC','Proddatur I Town P.S.','9949218006','2','106'),(522,'P N SUBBA REDDY','HG 528','PC','Chennur P.S.','9000781951','2','106'),(523,'K SAMBA SIVA','HG 911','PC','Proddatur I Town P.S.','8008446222','2','106'),(524,'K VENKATESWAR REDDY','HG 919','PC','Proddatur I Town P.S.','9908999026','2','106'),(525,'K OBUL REDDY','HG 928','PC','Proddatur I Town P.S.','8008731701','2','106'),(526,'G SREENIVASULU','HG 942','PC','Proddatur I Town P.S.','9440863145','2','106'),(527,'B SREENIVASULU','HG 81','PC','Proddatur I Town P.S.','9493034681','2','106'),(528,'N SAVITHRI','WHG 257','WPC','Proddatur I Town P.S.','9000034270','2','60'),(529,'G HEMA LATHA','WHG 439','WPC','Proddatur I Town P.S.','9849346993','2','60'),(530,'P SHOUKAT ALI','7','DSP','SC/ST Cell, Kadapa','9440796951','2','112'),(531,'A ABRAHAM','1087','ASI','SC/ST Cell, Kadapa','7396844110','2','112'),(532,'B CHANDRA MOULI','1967','HC','SC/ST Cell, Kadapa','7386383666','2','112'),(533,'T KHADER BASHA','1941','HC','SC/ST Cell, Kadapa','9885434472','2','112'),(534,'AV SUBBAIAH','1961','HC','SC/ST Cell, Kadapa','9985409861','2','112'),(535,'E BHASKAR','483','PC','SC/ST Cell, Kadapa','9949000494','2','112'),(536,'T PULLAIAH','3116','PC','SC/ST Cell, Kadapa','9666879369','2','112'),(537,'D SUBBANNA','HG 338','PC','Mydukur U/G P.S.','9550965256','2','106'),(538,'V.V RAMANA','1207','PC','SC/ST Cell, Kadapa','9849698903','2','112'),(539,'C MAHESH KUMAR','1853','PC','SC/ST Cell, Kadapa','770','2','112'),(540,'P NARA SIMHULU','HG 177','PC','Mydukur U/G P.S.','9703197804','2','106'),(541,'BHAKTAVATSALAM','8','DSP','Kadapa Traffic P.S.','9440796982','2','105'),(542,'L NAGARAJU','04','SI','Kadapa Traffic P.S.','9533437008','2','38'),(543,'N VEERA VENKATA KUMAR','HG 770','PC','Mydukur U/G P.S.','9492831865','2','106'),(544,'C VENKATEWARULU','43','SI','Kadapa Traffic P.S.','9949106662','2','110'),(545,'T BASHA','HG 771','PC','Mydukur U/G P.S.','9059596213','2','106'),(546,'S SHAFIULLA','678','SI','Kadapa Traffic P.S.','9703509014','2','118'),(547,'SREENIVASULU','1437','ASI','Kadapa Traffic P.S.','9441282401','2','110'),(548,'M RAMUDU','HG 793','PC','Duvvur P.S.','9704988100','2','106'),(549,'Y.V. RAMANAIAH','397','HC','Kadapa Traffic P.S.','9441502171','2','118'),(550,'T.V. SUBBAIAH','650','HC','Kadapa Traffic P.S.','9959008928','2',''),(551,'P RAMA CHANDRAIAH','785','HC','Kadapa Traffic P.S.','9963891527','2',''),(552,'G CHANDRA SEKHAR REDDY','HG 704','PC','Khajipet P.S.','9393262757','2','106'),(553,'A SIVA PRSAD','1116','HC','Kadapa Traffic P.S.','9440145346','2',''),(554,'G ANAND RAO','1136','HC','Kadapa Traffic P.S.','9440312503','2','38'),(555,'G KRISHNAIAH','1453','HC','Kadapa Traffic P.S.','9441403158','2','38'),(556,'SUDARSHAN','235','PC','Kadapa Traffic P.S.','9533437008','2','109'),(557,'NA RAHIM','295','PC','Kadapa Traffic P.S.','9160917262','2','109'),(558,'C.V.. KONDA REDDY','262','PC','Kadapa Traffic P.S.','9866999773','2','109'),(559,'ANJANEYULU','379','PC','Kadapa Traffic P.S.','9866792004','2','75'),(560,'M SUBBA RAYUDU','719','PC','Kadapa Traffic P.S.','9440316966','2','75'),(561,'G.DAVID PAUL','874','PC','Kadapa Traffic P.S.','8519908287','2','106'),(562,'A SURESH BABU','892','PC','Kadapa Traffic P.S.','7861999284','2','106'),(563,'P SUBRAMANYAM','1520','PC','Kadapa Traffic P.S.','9989466590','2','105'),(564,'BHASKAR REDDY','HG 675','PC','Badvel Rural P.S.','9440851343','2','105'),(565,'D DURGANATH','1533','PC','Kadapa Traffic P.S.','8019877536','2','105'),(566,'Y KIRAN KUMAR','1618','PC','Kadapa Traffic P.S.','9441267603','2','105'),(567,'RAMESH','HG 773','PC','Badvel Rural P.S.','9494058329','2','105'),(568,'K SUDHAKAR','1851','PC','Kadapa Traffic P.S.','9966028920','2','105'),(569,'KRISHNA NAIK','1886','PC','Kadapa Traffic P.S.','9885077176','2','105'),(570,'N VEERA SEKHAR REDDY','HG 465','PC','Porumamilla P.S.','9642166326','2','105'),(571,'RAMESH','1946','PC','Kadapa Traffic P.S.','9490449644','2','106'),(572,'V VENKATA SUBBAIAH','1997','PC','Kadapa Traffic P.S.','9491516241','2','106'),(573,'S SREENIVASULU','2046','PC','Kadapa Traffic P.S.','9440534399','2','106'),(574,'AMARNATH','2572','PC','Kadapa Traffic P.S.','9493454705','2','106'),(575,'B ADI NARAYANA','2899','PC','Kadapa Traffic P.S.','9542768814','2','107'),(576,'G GOPALA KRISHNA','2935','PC','Kadapa Traffic P.S.','7799441153','2','107'),(577,'T HASAN','HG 266','PC','Badvel Rural P.S.','9441912744','2','105'),(578,'T KAMALAKAR','2940','PC','Kadapa Traffic P.S.','9985243463','2','104'),(579,'M RAJU','3114','PC','Kadapa Traffic P.S.','7386792871','2','104'),(580,'S SURESH RAO','1719','PC','Kadapa Traffic P.S.','8523839429','2','104'),(581,'S KHADER VALI','2612','PC','Kadapa Traffic P.S.','8297818082','2','104'),(582,'V RAMESH','2840','PC','Kadapa Traffic P.S.','9652742824','2','107'),(583,'G GOPI','2144','PC','Kadapa Traffic P.S.','9160240749','2','107'),(584,'JAYA CHANDRA','3044','PC','Kadapa Traffic P.S.','9440459152','2','65'),(585,'C.SK NAVEEN TAJ','1975','HC','CCS, Kadapa.','984974891','2',''),(586,'B VISHWANATH REDDY','1950','HC','CCS, Kadapa.','8121999394','2','90'),(587,'G JAYARAMAIAH','1933','HC','CCS, Kadapa.','9703163454','2','90'),(588,'C.V. RAMANA','221','HC','CCS, Kadapa.','9908862464','2','90'),(589,'D.SURESH','1611','HC','CCS, Kadapa.','8885333184','2',''),(590,'S.SATISH','1917','HC','CCS, Kadapa.','7386345908','2',''),(591,'MURALI MOHAN','245','HC','CCS, Kadapa.','9440398494','2',''),(592,'P.R.V RAJU','713','HC','CCS, Kadapa.','9703980341','2',''),(593,'B.BALA RAJU','1425','PC','CCS, Kadapa.','9490714578','2','109'),(594,'Y SYAM PRASAD RAO','602','PC','CCS, Kadapa.','9866355908','2','109'),(595,'S.MD ALI','2513','PC','CCS, Kadapa.','9885100351','2','109'),(596,'SMT MADHAVI LATHA','2178','WPC','CCS, Kadapa.','80088353774','2','90'),(597,'ULASAIAH','9','CI','DCRB, Kadapa.','9492269821','2','114'),(598,'SARAPALLI','1937','HC','DCRB, Kadapa.','9440651937','2',''),(599,'SRINIVASULU','1382','HC','DCRB, Kadapa.','9703747370','2',''),(600,'SAI GOINATH','2828','PC','DCRB, Kadapa.','9032131489','2','114'),(601,'YUGANDHAR','10','CI','VR, Kadapa.','94407969','2','106'),(602,'VASUDEVAN','11','DSP','Women U/G P.S.','9440796909','2','92'),(603,'RAJU','712','SI','Women U/G P.S.','9440725441','2','116'),(604,'I.M.S PANKAJAKSHEE','401','WSI','Women U/G P.S.','9908883600','2','99'),(605,'P INDRA','436','WSI','Women U/G P.S.','9912334845','2','99'),(606,'BALA BASAVANNA','1582','ASI','Women U/G P.S.','9849470081','2','110'),(607,'J..MD PEERAN','1733','HC','Women U/G P.S.','9441403827','2',''),(608,'MURALI KRISHNA','1109','HC','Women U/G P.S.','7702867838','2',''),(609,'T PRASAD','1770','HC','Women U/G P.S.','9966164741','2',''),(610,'RAMA KRISHNA','12','SI','DTC, Kadapa.','9059876734','2',''),(611,'SANKARAIAH','13','SI','DTC, Kadapa.','7207378927','2','116'),(612,'RR RATNAM','190','HC','DTC, Kadapa.','8985858911','2',''),(613,'Y SAHA DEVA REDDY','588','PC','DTC, Kadapa.','9032483303','2','114'),(614,'SIVA SANKAR REDDY','1405','PC','DTC, Kadapa.','9704205336','2','114'),(615,'SRINIVASULU','13','DSP','F/Zone, Kadapa.','9440904906','2','75'),(616,'RAM MOHAN','1904','HC','F/Zone, Kadapa.','9440825824','2','92'),(617,'SUDARSHAN','786','HC','F/Zone, Kadapa.','9885783034','2','92'),(618,'RAMANJI','675','HC','F/Zone, Kadapa.','7893923034','2',''),(619,'SUDHA PRASAD','2006','PC','F/Zone, Kadapa.','9963915501','2','90'),(620,'AHARUN','1867','PC','F/Zone, Kadapa.','9652213254','2','90'),(621,'DIVAKAR','565','PC','F/Zone, Kadapa.','8142950565','2','90'),(622,'S. CHINNA NAGANNA','826','PC','RIMS P.S.','8978259653','2','75'),(623,'B MURALI','99','CI','J. Madugu U/G P.S.','9440796946','2',''),(624,'P RAVI BABU','02','CI','Kondapuram P.S.','9440796949','2','90'),(625,'C NAGARAJU','22','SI','J. Madugu U/G P.S.','9912735231','2','117'),(626,'D SUNIL KUMAR','23','SI','Mylavaram P.S.','9440796947','2','113'),(627,'R RAGHAVENDRA REDDY','13','SI','T. Patnam P.S.','9440796948','2','110'),(628,'P PEDDA OBANNA','12','SI','Peddamudiam P.S.','9440796988','2','105'),(629,'H SIVA PRASAD REDDY','6','SI','Kondapuram P.S.','9440796950','2','105'),(630,'P HANUMANTHU','55','SI','Simhadripuram P.S.','9440796978','2','84'),(631,'B.V KRISHNAIAH','3','SI','T. Proddatur P.S.','9440796953','2','105'),(632,'S MIAH','55','SI','J. Madugu U/G P.S.','9440305793','2','113'),(633,'R SANKARAIAH','1679','ASI','J. Madugu U/G P.S.','9440055326','2','110'),(634,'J SIVA SANKAR','1387','HC','J. Madugu U/G P.S.','9949645974','2',''),(635,'S ISMAIL','1577','HC','J. Madugu U/G P.S.','9959356276','2',''),(636,'M BHUSHANAM','1765','HC','J. Madugu U/G P.S.','9866179765','2',''),(637,'J VENKATAIAH','1310','ASI','Peddamudiam P.S.','9440742759','2','110'),(638,'B NITHYA POOJAIAH','1451','ASI','Peddamudiam P.S.','9441323225','2','38'),(639,'V SREENIVASU','361','HC','Peddamudiam P.S.','9440665428','2',''),(640,'B RAVI','559','HC','Peddamudiam P.S.','8790014839','2',''),(641,'N MURALI YADAV','1427','ASI','Mylavaram P.S.','7386665116','2','38'),(642,'N MADHUSUDHAN REDDY','131','ASI','Mylavaram P.S.','9440429201','2',''),(643,'MV SUBBANNA','1889','HC','Mylavaram P.S.','9989531144','2',''),(644,'P RAVI CHANDRA','1922','HC','Mylavaram P.S.','8106468443','2',''),(645,'P SUBBA REDDY','1342','ASI','T. Patnam P.S.','9490627121','2',''),(646,'D SREENIVASULU','1041','HC','T. Patnam P.S.','9440507625','2',''),(647,'K NITHYA POOJAIAH','1408','ASI','Muddanur P.S.','9490122433','2','117'),(648,'CV RAMANAIAH','1680','ASI','Thondur P.S.','9440883315','2','117'),(649,'GS VENKATAIAH','870','ASI','T. Proddatur P.S.','9985988697','2',''),(650,'K.J.V PRASAD','1337','ASI','T. Proddatur P.S.','9885636866','2','116'),(651,'P BRAHMAIAH','1430','ASI','Thondur P.S.','7675904137','2','116'),(652,'K SREENIVASULU','558','HC','Thondur P.S.','9440822173','2',''),(653,'M DAVID','1907','HC','Thondur P.S.','9704162746','2',''),(654,'P NAGARAJU','2093','HC','Kondapuram P.S.','9440674976','2',''),(655,'M SIDDESWARAIAH','1384','HC','Kondapuram P.S.','9704354486','2',''),(656,'C VENKATESWARULU','795','HC','Simhadripuram P.S.','9885311684','2',''),(657,'T. ABDUL GHOUSE','9278','CI','CCS, Kadapa.','9440427175','2','95'),(658,'G RAMA KRISHNA REDDY','1785','HC','Simhadripuram P.S.','9440647548','2','117'),(659,'P KHADAR BASHA','620','HC','T. Proddatur P.S.','9985285925','2','105'),(660,'T BALA DASTAGIRI','224','HC','T. Proddatur P.S.','9985435388','2','105'),(661,'M ASIF KHAN','140','HC','Muddanur P.S.','9951227416','2','105'),(662,'K SREENIVASULU','1758','HC','Muddanur P.S.','9440972081','2','105'),(663,'S SUBBANNA','930','HC','Muddanur P.S.','9440570599','2','105'),(664,'R VEERA REDDY','233','PC','J. Madugu U/G P.S.','9490539375','2','92'),(665,'A.V. SUBBAIAH','398','PC','J. Madugu U/G P.S.','9441813244','2','92'),(666,'K RAVI BABU','671','PC','J. Madugu U/G P.S.','9573308941','2','92'),(667,'S KIRAN KUMAR','2130','PC','J. Madugu U/G P.S.','9703991488','2','92'),(668,'B SOLOMON','2902','PC','J. Madugu U/G P.S.','9908946697','2','92'),(669,'R SRINIVASULU','1661','PC','J. Madugu U/G P.S.','996613145','2','92'),(670,'P VENKATA SUBBAIAH','1277','PC','J. Madugu U/G P.S.','9502860808','2','92'),(671,'P MAHESWAR RAO','1479','PC','J. Madugu U/G P.S.','9052473112','2','92'),(672,'SUBRAMANYAM','2942','PC','J. Madugu U/G P.S.','9440246118','2','92'),(673,'T.D.Prasad','KU 9269','CI','CCS, Kadapa.','9440795547','2','99'),(674,'D.V,SUDHAKAR YADAV','2855','PC','J. Madugu U/G P.S.','9866927259','2','92'),(675,'BHASKAR REDDY','373','PC','J. Madugu U/G P.S.','9440984381','2','114'),(676,'R KIRAN KUMAR','2931','PC','J. Madugu U/G P.S.','9491934559','2','114'),(677,'J RAM MOHAN','2067','PC','J. Madugu U/G P.S.','9885323085','2','114'),(678,'G.V. SUBBAIAH','2116','PC','J. Madugu U/G P.S.','8179920326','2','114'),(679,'J.Sankaraiah','KUR 9529','CI','CCS, Kadapa.','9440768527','2','93'),(680,'S .OBULESU','2608','PC','J. Madugu U/G P.S.','9642169165','2','114'),(681,'V.OBULESU','2693','PC','J. Madugu U/G P.S.','9154449659','2','114'),(682,'K.Nageswar Rao','KUR 9185','CI','CCS, Kadapa.','9491085296','2',''),(683,'SD RIYAZ','2906','PC','J. Madugu U/G P.S.','9440408884','2','114'),(684,'P SANJEEVA RAYUDU','2103','PC','J. Madugu U/G P.S.','7893706851','2','114'),(685,'S AHAMED BASHA','1651','PC','J. Madugu U/G P.S.','8106063429','2','114'),(686,'C SURRENDRA','1176','PC','J. Madugu U/G P.S.','8897375441','2','114'),(687,'V CHANDRA SEKHAR','1215','PC','J. Madugu U/G P.S.','9490391996','2','114'),(688,'K.C.H.V.R REDDY','1590','PC','J. Madugu U/G P.S.','9441208381','2','114'),(689,'K.Venkateshwarlu','KU 3353','PC','CCS, Kadapa.','9959757179','2','114'),(690,'S KONDAIAH','1836','PC','J. Madugu U/G P.S.','9885398011','2','114'),(691,'J.Banumurthi','KUR 1767','SI','CCS, Kadapa.','9000540756','2','93'),(692,'Y.Vijaya Kumar','KUR 1277','SI','CCS, Kadapa.','9640889928','2','89'),(693,'J SRIKANT','2890','PC','J. Madugu U/G P.S.','9966660617','2','114'),(694,'M.Ravi Kumar','KU 1532','PC','CCS, Kadapa.','98850 84984','2','101'),(695,'ANJINEYULU','1896','PC','J. Madugu U/G P.S.','9059528818','2','114'),(696,'Nabi Rasool','KUR 3850','SI','CCS, Kadapa.','8522009579','2','89'),(697,'G MALLIKARJUNA','1481','PC','J. Madugu U/G P.S.','9492374062','2','114'),(698,'P SUNDAR RAJU','1989','PC','J. Madugu U/G P.S.','9440605394','2','114'),(699,'B.Devendra Kumar','KUR 1262','SI','CCS, Kadapa.','9705683803','2','89'),(700,'D.Chandra Sekhar','KU 235','PC','CCS, Kadapa.','94933 75649','2','101'),(701,'S RAMESH','2602','PC','Peddamudiam P.S.','9704461682','2','114'),(702,'Hussain Basha','KUR 3838','SI','CCS, Kadapa.','9440386310','2','94'),(703,'P.MALLIKARJUNA','2718','PC','Peddamudiam P.S.','9885340057','2','114'),(704,'K.B.V KRISHNA REDDY','924','PC','Peddamudiam P.S.','9642266413','2','114'),(705,'K.P.Paramasiva','KUR 2016','HC','CCS, Kadapa.','9440971344','2','91'),(706,'I.J. ANIL KUMAR','1229','PC','Peddamudiam P.S.','8978255986','2','114'),(707,'S MASTHAN VALI','939','PC','Peddamudiam P.S.','9160535413','2','114'),(708,'D.Nagaraju','KUR 2743','HC','CCS, Kadapa.','8008668368','2','94'),(709,'K GURU MOHAN','2560','PC','Mylavaram P.S.','9701656035','2','114'),(710,'P.Lakshmi Naryana','KUR 368','HC','CCS, Kadapa.','9949409750','2','94'),(711,'T BHASKAR REDDY','2569','PC','Mylavaram P.S.','9966826386','2','105'),(712,'M.V. SUBBA RAJU','2827','PC','Mylavaram P.S.','9493350867','2','105'),(713,'P RANGA NAYAKULU','2910','PC','Mylavaram P.S.','9666323926','2','113'),(714,'K SUBRAMANYAM','1035','PC','Mylavaram P.S.','9491360158','2','113'),(715,'N SURESH BABU','2777','PC','Mylavaram P.S.','9885401035','2','113'),(716,'N BHASAKAR','1736','PC','Mylavaram P.S.','9100189260','2','113'),(717,'B MURALI','855','PC','Mylavaram P.S.','9440866579','2','113'),(718,'B VENKATESH','1581','PC','Mylavaram P.S.','9985585574','2','113'),(719,'M RAVI KUMAR','1280','PC','Mylavaram P.S.','9912904010','2','113'),(720,'C.Krishna','KU 1188','PC','CCS, Kadapa.','99660 31118','2','61'),(721,'S.Kistappa Naik','KUR 2299','HC','CCS, Kadapa.','8500234339','2','95'),(722,'B RAMANJINEYULU','3048','PC','Mylavaram P.S.','9618549466','2','113'),(723,'S.Krishna Naik','ku 371','PC','CCS, Kadapa.','94408 21308','2','101'),(724,'K.Krishna Murthy','KUR 993','ASI','CCS, Kadapa.','7893431204','2','96'),(725,'MV SUBBA REDDY','2629','PC','T. Patnam P.S.','9000697482','2','113'),(726,'VT NARASIMHA REDY','2822','PC','T. Patnam P.S.','9440235480','2','113'),(727,'B.A RAHIM','1833','PC','T. Patnam P.S.','9440068159','2','113'),(728,'Faijullakhan','KUR 2271','HC','CCS, Kadapa.','9491437516','2','95'),(729,'A.Anjaneya Raju','ku 995','PC','CCS, Kadapa.','97014 3 4760','2','101'),(730,'P.SUDHAKAR','2113','PC','T. Patnam P.S.','9441577053','2','113'),(731,'G. Arun KUmar','KUR 2559','HC','CCS, Kadapa.','9440209102','2','95'),(732,'T VENKATAIAH','2660','PC','Kondapuram P.S.','9533202624','2','113'),(733,'Nagaraju','KUR 2148','HC','CCS, Kadapa.','9491417099','2','95'),(734,'P VIJAY V REDDY','2846','PC','Kondapuram P.S.','8985116194','2','113'),(735,'P VENKATA SUBBAIAH','1475','PC','Simhadripuram P.S.','9441010922','2','113'),(736,'E.Narasaiah','KUR 2429','HC','CCS, Kadapa.','9441656819','2','95'),(737,'B.V. Ramana','2989 kU','PC','CCS, Kadapa.','94945 54546','2','101'),(738,'K.V.RAMANA','2132','PC','Simhadripuram P.S.','9963281060','2','113'),(739,'S.Sankar Reddy','KUR 2366','HC','CCS, Kadapa.','8179975916','2','99'),(740,'B.RAJEDRA PRASAD','2657','PC','Simhadripuram P.S.','9160278726','2','113'),(741,'C SUDHAKAR','2556','PC','Thondur P.S.','9959568848','2','113'),(742,'M CHANDRA MOHAN','2661','PC','Thondur P.S.','8142294927','2','113'),(743,'V GANGADHAR','1553','PC','Thondur P.S.','9985463792','2','113'),(744,'P NARASIMHULU','2588','PC','T. Proddatur P.S.','9492111972','2','113'),(745,'Y.R.N REDDY','2558','PC','T. Proddatur P.S.','9553773555','2','113'),(746,'N YEPREN','1361','PC','T. Proddatur P.S.','9553816512','2','113'),(747,'V SREENIVASULU','2582','PC','T. Proddatur P.S.','9849805587','2','114'),(748,'S.Ramesh','KUR 1078','PC','CCS, Kadapa.','9160852747','2','114'),(749,'K LAKSHMI PRASAD','2586','PC','Muddanur P.S.','9963957693','2','114'),(750,'K.Ismaiel','KUR 227','PC','CCS, Kadapa.','8341448204','2','114'),(751,'K VEERA SEKHAR','2611','PC','Muddanur P.S.','9912930520','2','114'),(752,'M.Bramhaiah','KUR 3456','PC','CCS, Kadapa.','8142443841','2','62'),(753,'O.P. MALLIKARJUNA','2662','PC','Muddanur P.S.','8179240662','2','112'),(754,'T RAMA KRISHNA','2810','PC','Muddanur P.S.','7842308238','2','112'),(755,'V.Bala Bhaskar','KUR 3464','PC','CCS, Kadapa.','9642355634','2','62'),(756,'B SRINATH REDDY','351','PC','Muddanur P.S.','9959442044','2','112'),(757,'P.Hussain Saheb','KUR 3150','PC','CCS, Kadapa.','7799116534','2','91'),(758,'Noor Ahmed','KU 3516','PC','CCS, Kadapa.','88865 57249','2','89'),(759,'N.Soma sekhar','KUR 3397','PC','CCS, Kadapa.','9492628532','2','89'),(760,'S.M.RAFIULLA','301','PC','Muddanur P.S.','7093268382','2','112'),(761,'K. Chandra Sekhar','KU 1905','PC','CCS, Kadapa.','96407 20091','2','91'),(762,'G.M.Sarjan','KUR 3580','PC','CCS, Kadapa.','8886967416','2','91'),(763,'Y. Raganayak','KUR 2102','PC','CCS, Kadapa.','8897157779','2','89'),(764,'N.V.. SIVA KUMAR','1029','PC','Kondapuram P.S.','9703497001','2','112'),(765,'T.RAmudu','KUR 2689','PC','CCS, Kadapa.','9059090126','2','67'),(766,'U.Narasimhulu','ku 65','PC','CCS, Kadapa.','94418 02133','2','67'),(767,'P VENKATA RAMANA','1314','PC','Kondapuram P.S.','9441222530','2','112'),(768,'K. Krishnaiah','KU 2740','PC','CCS, Kadapa.','94927 60513','2','60'),(769,'K.Muni Swamy','KUR 555','PC','CCS, Kadapa.','9701476798','2','60'),(770,'B.ANJANEYULU NAIK','1398','PC','Kondapuram P.S.','9676670359','2','114'),(771,'K.Ramudu','KUR 1018','PC','CCS, Kadapa.','9642336238','2','60'),(772,'K. Kailash','ku 3060','PC','CCS, Kadapa.','99856 65107','2','60'),(773,'T.VENKATA SUBBAIAH','1710','PC','Kondapuram P.S.','9703489736','2','114'),(774,'H.Nagaraju','KUR 2756','PC','CCS, Kadapa.','9441508975','2','60'),(775,'P SREENIVASULU','1134','PC','Kondapuram P.S.','9703402273','2','114'),(776,'D. Sahyadri','ku 1177','PC','CCS, Kadapa.','99854 81194','2','60'),(777,'B.Ramesh','KUR 3489','PC','CCS, Kadapa.','9985200494','2','89'),(778,'K MUNI CHANDRA','3052','PC','Kondapuram P.S.','9640068457','2','114'),(779,'S.Jamal Basha','ku 2279','PC','CCS, Kadapa.','94924 02692','2','91'),(780,'V.RAMA KRISHNA','1968','PC','Kondapuram P.S.','9966105453','2','112'),(781,'K.Lakshma Naik','KUR 2587','PC','CCS, Kadapa.','9490238091','2','91'),(782,'K PEDDA REDDY','942','PC','Simhadripuram P.S.','7382161544','2','112'),(783,'g.Guru Sekhar','3371 ku','PC','CCS, Kadapa.','94949 51279','2','112'),(784,'B.Parasuramudu','KUR 3298','PC','CCS, Kadapa.','9885209511','2','91'),(785,'S.ABDUL KHALEEL','2042','PC','Simhadripuram P.S.','9440710598','2','112'),(786,'K.Jameer Basha','KUR 3485','PC','CCS, Kadapa.','9000471230','2','96'),(787,'U. Madhusudana','ku 1775','PC','CCS, Kadapa.','98856 0 7729','2','96'),(788,'SP SYED HUSSAIN','2045','PC','Simhadripuram P.S.','9866510848','2','112'),(789,'B.Raghu','KUR 3043','PC','CCS, Kadapa.','9966661446','2','96'),(790,'K. Gulam Hussain','ku 1451','PC','CCS, Kadapa.','94914 09429','2','96'),(791,'B VINOD KUMAR','2704','PC','Simhadripuram P.S.','9502992704','2','112'),(792,'P.Mahaboob Basha','KUR 1951','PC','CCS, Kadapa.','9912999453','2','112'),(793,'K KISHORE BABU','2277','PC','Simhadripuram P.S.','9642008004','2','112'),(794,'Shabeer Basha','KUR 3124','PC','CCS, Kadapa.','7382200015','2','112'),(795,'U.Kishore','KUR 3453','PC','CCS, Kadapa.','98853','2','112'),(796,'B.V. PRASAD REDDY','898','PC','Thondur P.S.','9849722354','2','112'),(797,'P RAMA KRISHNA','912','PC','Thondur P.S.','9949123362','2','112'),(798,'D.Hussainaiah','Ku 3480','PC','CCS, Kadapa.','88979 89246','2','112'),(799,'J.M.ILIYAS','938','PC','Thondur P.S.','9491626628','2','112'),(800,'P. Bhaskar','ku 1520','PC','CCS, Kadapa.','94403 03463','2','112'),(801,'P CHINNA VALI','1034','PC','Thondur P.S.','9985678075','2','112'),(802,'P.H.VIJAYA RAHUL','896','PC','Thondur P.S.','9573625723','2','112'),(803,'U. Nagasheshaiah','ku 897','PC','CCS, Kadapa.','94402 26401','2','112'),(804,'D.SURESH BABU','2051','PC','Thondur P.S.','9704679964','2','112'),(805,'G. Pullaiah','ku 2645','PC','CCS, Kadapa.','76749 96625','2','97'),(806,'U.KIshore','KUR 3453','PC','CCS, Kadapa.','9885358203','2','97'),(807,'E.Janardhan','KUR 3336','PC','CCS, Kadapa.','9493113706','2','97'),(808,'O.NAYAB RASOOL','3049','PC','Thondur P.S.','9492700021','2','96'),(809,'M. Divakar Reddy','ku Inspector of police','CI','CCS, Kadapa.','94407 95556','2','112'),(810,'D.Kalandar','KUR 29185','PC','CCS, Kadapa.','9908794944','2','97'),(811,'N RAMA KRISHNAIAH','1231','PC','T. Proddatur P.S.','9666253848','2','95'),(812,'S.Ranganna','KUR 3249','PC','CCS, Kadapa.','9949448262','2','99'),(813,'K PEDDA OBULESU','1240','PC','T. Proddatur P.S.','8985460487','2','95'),(814,'C.Raghu','KUR 436','PC','CCS, Kadapa.','9493135186','2','99'),(815,'P DAJENDRA REDDY','1317','PC','T. Proddatur P.S.','7675883251','2','95'),(816,'S.RAma Krishna','KUR 1415','PC','CCS, Kadapa.','8688888107','2','99'),(817,'S. Siva Sankar Naik','Ku SI','SI','CCS, Kadapa.','94407 95562','2','91'),(818,'B.Chandranna','KUR 1504','PC','CCS, Kadapa.','9177210248','2','99'),(819,'J BHASKAR','3053','PC','T. Proddatur P.S.','9542158305','2','95'),(820,'M.Veeresh','KUR 2926','PC','CCS, Kadapa.','9703896384','2','99'),(821,'Bala Narasimhulu','KU SI','SI','CCS, Kadapa.','949407 95561','2','96'),(822,'B.NAGA VAMSI','1014','PC','Muddanur P.S.','9492587512','2','95'),(823,'E.Eeresh','KUR 3211','PC','CCS, Kadapa.','9966335343','2','99'),(824,'P. Gangadhar','KU HC 2699','HC','CCS, Kadapa.','98660 31127','2','99'),(825,'P SBBA RAYUDU','1558','PC','Muddanur P.S.','9642125355','2','94'),(826,'Arjun','KUR 756','PC','CCS, Kadapa.','9848963191','2','94'),(827,'K.Nagaraju','KUR 2933','PC','CCS, Kadapa.','8185095886','2','94'),(828,'Krishnudu','Ku HC 1624','HC','CCS, Kadapa.','82975 31933','2','101'),(829,'G GAIBU VALLI','3038','PC','Muddanur P.S.','9949378671','2','94'),(830,'B.V.,Vikrama Simha','KUR 9541','CI','CCS, Kadapa.','9440795536','2','89'),(831,'P.Sreenivas','KUR 9211','CI','CCS, Kadapa.','9440795510','2','89'),(832,'K BHAGAVANAMMA','391','WHC','Kondapuram P.S.','9490122364','2','99'),(833,'G.Prathap','KUR 9523','CI','CCS, Kadapa.','9440795521','2','96'),(834,'K VENU GOPAL','HG 56','PC','T. Patnam P.S.','9491929210','2','94'),(835,'G.DEVA GURUVAIAH','HG 277','PC','T. Patnam P.S.','8179368540','2','94'),(836,'K.Rama Subbaiah','KUR 1205','SI','CCS, Kadapa.','9491030534','2','96'),(837,'U.Basha','KUR','SI','CCS, Kadapa.','9440513','2','97'),(838,'C.SUBRAMANYAM','HG 332','PC','Peddamudiam P.S.','9494608784','2','95'),(839,'AMARNATH REDDY','HG 354','PC','Peddamudiam P.S.','9177823368','2','95'),(840,'U.Basha','KUR','SI','CCS, Kadapa.','9440513013','2','111'),(841,'P.RAVI BABU','HG 546','PC','Peddamudiam P.S.','9494075546','2','67'),(842,'N.Janardhan','KUR','SI','CCS, Kadapa.','9885967411','2','95'),(843,'D.SRIDHAR','HG 398','PC','Kondapuram P.S.','9676859308','2','67'),(844,'S.ESWARAIAH','HG 307','PC','Kondapuram P.S.','9666015043','2','96'),(845,'R RAVI KUMAR REDDY','HG 822','PC','Kondapuram P.S.','9966675593','2','65'),(846,'L.Viajaya Lakshmi','KUR 1256','WSI','CCS, Kadapa.','8500038889','2','99'),(847,'L.M.N PRASAD','HG 752','PC','Kondapuram P.S.','8985862276','2','61'),(848,'S.SIVA PRASAD REDDY','HG 684','PC','Kondapuram P.S.','9502644890','2','60'),(849,'T. Kumar Swamy','KUR 1074','HC','CCS, Kadapa.','9985510056','2','101'),(850,'N.SUBBA RAO','HG 513','PC','Simhadripuram P.S.','8374936039','2','60'),(851,'A.Siva PRasad','KUR 2506','HC','CCS, Kadapa.','9440607450','2','114'),(852,'CHANDRAHAS REDDY','HG 737','PC','Simhadripuram P.S.','9703514622','2','65'),(853,'S SRINIVASULU','HG 87','PC','Simhadripuram P.S.','8142094061','2','96'),(854,'N.M.D.Ghouse','KUR 1998','HC','CCS, Kadapa.','9440710497','2','114'),(855,'KV RAMUDU','HG 102','PC','T. Proddatur P.S.','7036154188','2','96'),(856,'Venkateswarlu','KUR 2461','HC','CCS, Kadapa.','9441274855','2','89'),(857,'M.TIRUPATAIAH','HG 493','PC','T. Proddatur P.S.','8099493493','2','96'),(858,'NAGARAJU','HG 808','PC','T. Proddatur P.S.','9010771508','2','104'),(859,'Sivaji Naik','KUR 2470','HC','CCS, Kadapa.','9948127072','2','98'),(860,'S NAGARAJU','HG 768','PC','T. Proddatur P.S.','9989860312','2','104'),(861,'P.Subramanyam','KUR 2712','HC','CCS, Kadapa.','9949761641','2','89'),(862,'C.GOPAL','HG 218','PC','T. Proddatur P.S.','9963060969','2','105'),(863,'S.Khadar Basha','KUR 626','HC','CCS, Kadapa.','9985180931','2','98'),(864,'C.TIRUPAL','HG 810','PC','Thondur P.S.','9949099853','2','105'),(865,'G.Mohan RAo','KUR 1165','HC','CCS, Kadapa.','9440095892','2','89'),(866,'K.V.REDDY','HG 823','PC','Thondur P.S.','9866763316','2','105'),(867,'M.Nageswar RAo','KUR 2380','HC','CCS, Kadapa.','9441808750','2','89'),(868,'C.Mohan Raju','KUR 496','HC','CCS, Kadapa.','8500146009','2','114'),(869,'G.Murali Krishna','KUR 1304','HC','CCS, Kadapa.','9440505569','2','114'),(870,'B.RAMESH','HG 851','PC','Thondur P.S.','9618761816','2','105'),(871,'V SIVAREDDY','HG 767','PC','Thondur P.S.','9676269315','2','64'),(872,'D.RAJESH','HG 629','PC','Thondur P.S.','8886767506','2','105'),(873,'G.RAJUPAL','HG 153','PC','Thondur P.S.','9985020940','2','105'),(874,'O.Sankar Rao','KUR 2270','HC','CCS, Kadapa.','879012819','2','114'),(875,'G CHANDRA OBBULESU','HG 564','PC','Muddanur P.S.','8008845607','2','107'),(876,'Gopal','KUR 1088','ASI','CCS, Kadapa.','9440342764','2','95'),(877,'C SRINIVASULU','HG 453','PC','Muddanur P.S.','9440288826','2','107'),(878,'N.RANGA NAYAKULU','HG 611','PC','Muddanur P.S.','9963057740','2','107'),(879,'N.Bala Ramudu','KUR 1036','ASI','CCS, Kadapa.','9441096736','2','95'),(880,'RAM PRASAD','HG 299','PC','Muddanur P.S.','9502958402','2','107'),(881,'S VALI','HG 734','PC','Muddanur P.S.','9059018464','2','62'),(882,'Nagaraju','KUR 1327','ASI','CCS, Kadapa.','9441508760','2','96'),(883,'P SRINIVASULU','HG 827','PC','J. Madugu U/G P.S.','9494881094','2','107'),(884,'D.Hanumanthu','KUR 2629','PC','CCS, Kadapa.','9441192710','2','99'),(885,'N.SESHUDU','HG 339','PC','J. Madugu U/G P.S.','9440027185','2','107'),(886,'K.E.P.Ramudu','KUR 1945','PC','CCS, Kadapa.','9666756175','2','98'),(887,'G BALA CHANDRUDU','HG 932','PC','J. Madugu U/G P.S.','9494884009','2','89'),(888,'B.Giddaiah','KUR 1997','PC','CCS, Kadapa.','9490526877','2','98'),(889,'N.MOHAN','HG 547','PC','J. Madugu U/G P.S.','9502157262','2','89'),(890,'V.Veeranna','KUR 3005','PC','CCS, Kadapa.','9949283488','2','98'),(891,'L.DASANNA','HG 824','PC','J. Madugu U/G P.S.','9949116222','2','89'),(892,'A.Azeez Khan','KUR 208','PC','CCS, Kadapa.','9985656308','2','98'),(893,'L LAKSHMI NARAYANA','HG 828','PC','J. Madugu U/G P.S.','8897377384','2','89'),(894,'K.Seetharamaiah','KUR 29085','PC','CCS, Kadapa.','9951896600','2','98'),(895,'V.Nagaraju','KUR 858','SI','CCS, Kadapa.','9989254702','2','95'),(896,'SomalaNaik','KUR 2012','PC','CCS, Kadapa.','9959222939','2','98'),(897,'G.Gajendra','KUR 3463','PC','CCS, Kadapa.','9985969397','2','98'),(898,'Ranganna','KUR 2053','PC','CCS, Kadapa.','9642420984','2','98'),(899,'B.Bhaskar','KUR 2124','PC','CCS, Kadapa.','9989967700','2','98'),(900,'P.Vijaya Bhaskar','KUR 3360','PC','CCS, Kadapa.','9492865850','2','98'),(901,'Chandra Sekhar','KUR 1967','PC','CCS, Kadapa.','9490728046','2','98'),(902,'M.Narasaiah','KUR 2008','PC','CCS, Kadapa.','9676565725','2','98'),(903,'M.Tirumalesh','KUR 1360','PC','CCS, Kadapa.','9491595256','2','98'),(904,'V.Surya Nrayana','KUR 320','PC','CCS, Kadapa.','9490484408','2','98'),(905,'C.Sudhakar Reddy','KUR 3361','PC','CCS, Kadapa.','9989934809','2','98'),(906,'D.Hussani','KUR 1337','PC','CCS, Kadapa.','9581473225','2','98'),(907,'C.Madhusudhan','KUR 2736','PC','CCS, Kadapa.','9441081414','2','98'),(908,'A.Tirumalesh','KUR 3318','PC','CCS, Kadapa.','9505022270','2','98'),(909,'K.Mohan','KUR 3236','PC','CCS, Kadapa.','8332001940','2','112'),(910,'C.Amarnath REddy','KUR 3620','PC','CCS, Kadapa.','8790078756','2','93'),(911,'K.Eswar Reddy','KUR','DSP','CCS, Kadapa.','9440795544','2',''),(912,'B.Sreenivas Reddy','KUR','CI','CCS, Kadapa.','9440795573','2','100'),(913,'K.Mohan REddy','KUR 1244','SI','CCS, Kadapa.','9440795540','2','95'),(914,'P.Sudhakar Reddy','KUR 1280','SI','CCS, Kadapa.','9440795542','2','60'),(915,'M.Sreedhar','KUR 1291','SI','CCS, Kadapa.','9494082818','2','98'),(916,'K.Papaiah','KUR 22','ASI','CCS, Kadapa.','9494624401','2','97'),(917,'E.Venateswarlu','KUR 2301','HC','CCS, Kadapa.','9490238796','2','114'),(918,'Sreeramulu','KUR 2296','ASI','CCS, Kadapa.','9704268047','2','97'),(919,'B.Ramudu','KUR 2399','HC','CCS, Kadapa.','9032860745','2','114'),(920,'V.Y.Linga PRasad','KUR 2286','HC','CCS, Kadapa.','9441058812','2','114'),(921,'M.Radha Krishna','KUR 383','ASI','CCS, Kadapa.','9866445404','2','100'),(922,'C.Ramanaiah','KUR 393','HC','CCS, Kadapa.','9989779941','2','114'),(923,'M.Bramhaiah','KUR 2185','HC','CCS, Kadapa.','9490516285','2','114'),(924,'G.Maddileti','KUR 2405','HC','CCS, Kadapa.','9490402544','2','114'),(925,'L.Venkateswarlu','KUR 859','HC','CCS, Kadapa.','9052263833','2','114'),(926,'N.C.Venkat Reddy','KUR 2366','PC','CCS, Kadapa.','9490601575','2','93'),(927,'B.Eswar Rao','KUR 2698','PC','CCS, Kadapa.','9441616304','2','93'),(928,'Govinda Reddy','KUR 3552','PC','CCS, Kadapa.','9573338993','2','93'),(929,'M.S.Ramachandrudu','KUR 3245','PC','CCS, Kadapa.','7674991683','2','99'),(930,'Y.M.D. Shakeer','KUR 241','PC','CCS, Kadapa.','8106374756','2','99'),(931,'P.Raja sekhar','KUR 994','PC','CCS, Kadapa.','8142433994','2','99'),(932,'T.Hari Prasad','KUR 3413','PC','CCS, Kadapa.','9491419128','2','99'),(933,'Y.Venkata Ramana','KUR 401','PC','CCS, Kadapa.','9440427248','2','99'),(934,'S.Surendra','KUR 504','PC','CCS, Kadapa.','9581562312','2','99'),(935,'P.Khadar Khan','KUR 3201','PC','CCS, Kadapa.','9985758835','2','99'),(936,'P.Subbaiah','KUR 2663','PC','CCS, Kadapa.','9849103900','2','99'),(937,'S.K.Hussain Basha','KUR 292','PC','CCS, Kadapa.','9966848567','2','99'),(938,'N.Mali','KUR 1856','PC','CCS, Kadapa.','9966543782','2','99'),(939,'P.Ganganna','KUR 454','PC','CCS, Kadapa.','990839458','2','99'),(940,'M.Anil','KUR 780','PC','CCS, Kadapa.','9553322393','2','99'),(941,'K.V.Bhaskar Redy','KUR 630','PC','CCS, Kadapa.','970110334','2','99'),(942,'A.Chandra','KUR 3739','PC','CCS, Kadapa.','9705040494','2','112'),(943,'K.Durga Prasad','KUR 2954','PC','CCS, Kadapa.','9177417220','2','112'),(944,'SURENDRA RAO','KUR 155','ASI','CCS, Kadapa.','9440342429','2','100'),(945,'R.Prathap Reddy','KUR','CI','CCS, Kadapa.','9440795525','2','97'),(946,'SM BASHA','KUR 2260','HC','CCS, Kadapa.','9441509770','2','114'),(947,'S.Ismaiel','KUR','CI','CCS, Kadapa.','9440795529','2','105'),(948,'D.Muralidhar Reddy','KUR','CI','CCS, Kadapa.','9440795527','2','113'),(949,'SHABBIR AHAMED','KUR 1324','HC','CCS, Kadapa.','9640494920','2','114'),(950,'T.Narendra Kumar Reddy','KUR','SI','CCS, Kadapa.','9440768512','2','61'),(951,'A.S.B SRINIVASULU','KUR 2370','HC','CCS, Kadapa.','9441760823','2','114'),(952,'Venkateswarlu','KU 2303','PC','CCS, Kadapa.','98494 02288','2','112'),(953,'L.Sivanjal','KUR','SI','CCS, Kadapa.','90003035389','2','98'),(954,'VENKATESWARULU','KUR 2152','HC','CCS, Kadapa.','9441760823','2','114'),(955,'D.Tirupathaiah','KUR','SI','CCS, Kadapa.','944056602','2','111'),(956,'M.V. Ramana','ku 2522','HC','CCS, Kadapa.','94405 91749','2','114'),(957,'B SIVA RAMI REDDY','KUR 1629','HC','CCS, Kadapa.','9441243629','2','114'),(958,'D.G.Manthaiah','KUR','SI','CCS, Kadapa.','9490210601','2','111'),(959,'Pullaiah','ku 2765','HC','CCS, Kadapa.','97036 45696','2','114'),(960,'U YERRANNA','KUR 612','HC','CCS, Kadapa.','9440416287','2','112'),(961,'Noor Ahammad','KUR 2488','HC','CCS, Kadapa.','9925784924','2','112'),(962,'V.Sanjeev','ku 714','HC','CCS, Kadapa.','94918 12977','2','112'),(963,'D.S.Jambulaiah','KUR 2374','HC','CCS, Kadapa.','8886052374','2','112'),(964,'SYED SUBHAN','KUR 2069','HC','CCS, Kadapa.','944157339','2','112'),(965,'Venkateswarlu','KUR 1400','HC','CCS, Kadapa.','9908556452','2','112'),(966,'P. Khasim','ku 3116','PC','CCS, Kadapa.','95337 26154','2','112'),(967,'S.Shareef','KUR 1513','ASI','CCS, Kadapa.','9440427593','2',''),(968,'A KRISHNAM RAJU','KUR 2038','PC','CCS, Kadapa.','9908141213','2','112'),(969,'B.Rangadu','ku 2821','PC','CCS, Kadapa.','83744 23215','2','112'),(970,'G,M.Basha','KUR 709','HC','CCS, Kadapa.','9177841907','2','112'),(971,'B DAMODHAR','KUR 3322','PC','CCS, Kadapa.','9989965612','2','112'),(972,'B.Venkateswarlu','KUR 735','ASI','CCS, Kadapa.','9440350127','2',''),(973,'SA. Rawoof','ku 1040','PC','CCS, Kadapa.','99495 64148','2','112'),(974,'SHAIK SALAM BASHA','KUR 1444','PC','CCS, Kadapa.','9000834595','2','112'),(975,'B.Mukunda Reddy','KUR 70','HC','CCS, Kadapa.','8790382645','2','112'),(976,'B SUDHAKAR','KUR 3350','PC','CCS, Kadapa.','9347150282','2','112'),(977,'Y.Kondaiah','ku 1377','PC','CCS, Kadapa.','94915 91759','2','112'),(978,'Gangaiah','KUR 704','HC','CCS, Kadapa.','9704269672','2','112'),(979,'M CHENNAIAH','KUR 659','PC','CCS, Kadapa.','9885295838','2','112'),(980,'T.Santi Kumar','ku 308','PC','CCS, Kadapa.','99852 06610','2','112'),(981,'S.Ramesh','KUR 2510','HC','CCS, Kadapa.','8790505536','2','112'),(982,'B RAGHAVENDRA SWAMY','KUR 3484','PC','CCS, Kadapa.','8142871616','2','112'),(983,'AR Prasad Achari','ku 3295','PC','CCS, Kadapa.','95731 01108','2','112'),(984,'S.MADDILETI NAIK','KUR 956','PC','CCS, Kadapa.','9000991976','2','112'),(985,'D. RAVI','KUR 297','PC','CCS, Kadapa.','9441401504','2','112'),(986,'U.M.Sreenivasulu','KUR 2193','ASI','CCS, Kadapa.','123456789','2',''),(987,'J. Shoban Babu','ku 2573','PC','CCS, Kadapa.','90523 31154','2','112'),(988,'SA KALAM','KUR 1407','PC','CCS, Kadapa.','9959395933','2','112'),(989,'K.Rosi Reddy','KUR 628','HC','CCS, Kadapa.','9440363302','2','112'),(990,'SHABBIR AHAMED','KUR 727','PC','CCS, Kadapa.','9441402153','2','111'),(991,'S. Uma Maheshwar','ku 2041','PC','CCS, Kadapa.','94914 36462','2','111'),(992,'K. Fazulla','KUR 690','HC','CCS, Kadapa.','9490004990','2','114'),(993,'N. Eshwaraiah','ku 104','PC','CCS, Kadapa.','98494 74473','2','111'),(994,'M RAMA KRISHNA','KUR 914','PC','CCS, Kadapa.','9908365505','2','111'),(995,'I.Siva Sankar Reddy','KUR 2373','PC','CCS, Kadapa.','9493482228','2','111'),(996,'TCH Chennaiah','ku 144','PC','CCS, Kadapa.','94916 31987','2','111'),(997,'S MAHABOOB BASHA','KUR 3169','PC','CCS, Kadapa.','9885890736','2','111'),(998,'Naganna','ku 2921','PC','CCS, Kadapa.','96763 0 2471','2','111'),(999,'A.Ratnam','KUR 1637','PC','CCS, Kadapa.','9154808598','2','111'),(1000,'G.sreenivasulu','KUR 2922','PC','CCS, Kadapa.','8897993646','2','111'),(1001,'Y MADDILETI','KUR 3289','PC','CCS, Kadapa.','9494460607','2','111'),(1002,'Rama Krishna','ku 3607','PC','CCS, Kadapa.','90005 57797','2','111'),(1003,'K.Subhakrishna','KUR 3682','PC','CCS, Kadapa.','9494740304','2','111'),(1004,'K SURESH','KUR 3241','PC','CCS, Kadapa.','9642792978','2','111'),(1005,'S SULEMAN','KUR 865','PC','CCS, Kadapa.','998911481','2','111'),(1006,'P. Gopala Krishna','KUR 3671','PC','CCS, Kadapa.','9966364639','2','111'),(1007,'Narasimhulu','ku 676','PC','CCS, Kadapa.','99088 19838','2','111'),(1008,'C VIJAYA BHASKAR','KUR 1725','PC','CCS, Kadapa.','9440655884','2','111'),(1009,'P. Sarvotham','KUR 2977','PC','CCS, Kadapa.','9703771315','2','111'),(1010,'N.Venkateswarlu','KUR 3409','PC','CCS, Kadapa.','9701334346','2','111'),(1011,'A MALLIKARJUNA','KUR 2710','PC','CCS, Kadapa.','9440655884','2','111'),(1012,'Divakar','ku 1373','PC','CCS, Kadapa.','90590 35286','2','111'),(1013,'N.Narasimhuluq','KUR 2704','PC','CCS, Kadapa.','9885669301','2','111'),(1014,'M SRINIVASULU','KUR 3235','PC','CCS, Kadapa.','9441508330','2','111'),(1015,'Madhusudan Reddy','KU 3426','PC','CCS, Kadapa.','83744 23046','2','111'),(1016,'TR PRASAD','KUR 2349','PC','CCS, Kadapa.','9441508330','2','111'),(1017,'Siva Sankar','CI Kurnool','CI','CCS, Kadapa.','94910 85302','2','109'),(1018,'J.PULIKONDA','KUR 558','PC','CCS, Kadapa.','9542529558','2','111'),(1019,'S. nagendra','ku SI of police','SI','CCS, Kadapa.','81216 15377','2','100'),(1020,'M.NEELAKANTESWAR REDDY','KUR 1697','PC','CCS, Kadapa.','9885794260','2','111'),(1021,'C. Sarath Kumar Reddy','ku si of police','SI','CCS, Kadapa.','90008 86648','2','111'),(1022,'A NAZEER AHAMED KHAN','KUR 973','PC','CCS, Kadapa.','9441068304','2','111'),(1023,'RAMESH','KUR 3439','PC','CCS, Kadapa.','9885855236','2','111'),(1024,'P. venkata Narasimhulu','ku SI','SI','CCS, Kadapa.','90008 86648','2','111'),(1025,'A OBULESU','KUR CI 12','CI','CCS, Kadapa.','9440286839','2','110'),(1026,'S.Ibrahim','ku AsI 1016','ASI','CCS, Kadapa.','98486 76786','2',''),(1027,'U LAKSHUMAIAH','KUR 22','CI','CCS, Kadapa.','9490529835','2','110'),(1028,'K. Krishna Mohan Reddy','ku 2377','HC','CCS, Kadapa.','94400 77282','2','114'),(1029,'D.KASAIAH','KUR 12','SI','CCS, Kadapa.','9441110527','2','111'),(1030,'AMEER ALI','KUR 656','SI','CCS, Kadapa.','9666474695','2','117'),(1031,'M VENKATA SWAMY','KUR 2400','HC','CCS, Kadapa.','9440719966','2','114'),(1032,'V SOMA SEKHAR','KUR 1457','PC','CCS, Kadapa.','9440310666','2','111'),(1033,'K RUDRA GOUD','KUR 2402','PC','CCS, Kadapa.','9440341641','2','111'),(1034,'K NAGARAJU','KUR 2738','PC','CCS, Kadapa.','9440739772','2','111'),(1035,'S SAMEER AHAMAD','KUR 2732','PC','CCS, Kadapa.','9440702043','2','111'),(1036,'A RAMA CHANDRA','KUR 1','DSP','CCS, Kadapa.','9440795508','2','107'),(1037,'S NAGARAJU','KUR 2779','HC','CCS, Kadapa.','9441030220','2','114'),(1038,'B GIDDAIAH','KUR 632','HC','CCS, Kadapa.','9985032293','2','114'),(1039,'C NAGARANGAIAH','KUR 2348','HC','CCS, Kadapa.','9490602448','2','114'),(1040,'G VIJAYA BHASKAR','KUR 2250','HC','CCS, Kadapa.','9440844667','2','114'),(1041,'KALANDER SHA','KUR 2219','PC','CCS, Kadapa.','8008540299','2','111'),(1042,'Y RAVI KUMAR','KUR 2912','PC','CCS, Kadapa.','9441657101','2','111'),(1043,'M VENKATADRI','KUR 2','DSP','CCS, Kadapa.','9491030563','2',''),(1044,'M ANANDA MURTHY','KUR 2266','HC','CCS, Kadapa.','9014505724','2','114'),(1045,'G ANJAPPA','KUR 2669','HC','CCS, Kadapa.','9440203230','2','114'),(1046,'VENKATESWARULU','KUR 148','PC','CCS, Kadapa.','9490578669','2','111'),(1047,'MADHUSUDHAN','KUR 1096','PC','CCS, Kadapa.','9052931106','2','111'),(1048,'S CHAN BASHA','KUR 3049','PC','CCS, Kadapa.','7799140230','2','111'),(1049,'KS VINOD KUMAR','KUR 3','DSP','CCS, Kadapa.','9490619198','2','95'),(1050,'M NARAYANA','KUR 2444','HC','CCS, Kadapa.','9866645393','2','114'),(1051,'THIMMA REDDY','KUR 12','SI','CCS, Kadapa.','9949194294','2','111'),(1052,'T.SAINATH','KUR 14','SI','CCS, Kadapa.','9652467663','2','113'),(1053,'M. RAMAKRISHNAIAH','SDPO','DSP','Mydukur U/G P.S.','9440796954','2','60'),(1054,'M. BHASKAR REDDY','SI','SI','Vallur P.S.','9440796916','2','113'),(1055,'V. SREENIVASULU','1826','PC','G.R Palli P.S.','9963897254','2','110'),(1056,'O. OBULESU','2078','PC','G.R Palli P.S.','9441131443','2','105'),(1057,'G. RAMBABU','2750','PC','Pendlimarry P.S.','9908321984','2','105'),(1058,'G NAGESWAR REDDY','DSP','DSP','CCS, Kadapa.','9440796917','2','90'),(1059,'G OBULESU','CI','CI','Proddatur (R) P.S.','9440796940','2',''),(1060,'B MURALI NAIK','CI','CI','J. Madugu U/G P.S.','9440796946','2','92'),(1061,'B HEMA KUMAR','SI','SI','Kadapa I town P.S.','9177312322','2','92'),(1062,'M LAXMI DEVI','298','WPC','Proddatur 3 town P.S.','9492670278','2','97'),(1063,'K. NAGANATH KUMAR','457','PC','Kadapa I town P.S.','9701171331','2','114'),(1064,'P. RAMACHANDRA REDDY','1813','PC','Kadapa I town P.S.','9052108676','2','114'),(1065,'M.V.G. RAJU','1074','ASI','Kadapa I town P.S.','9493440721','2',''),(1066,'ARJUN NAIK','CI','CI','PCR, Kadapa.','08562244307','2','38'),(1067,'U. SADA SIVAIAHA','5529','CI','Kadapa II town P.S.','9440796990','2','95'),(1068,'M. LAKSHMI REDDY','HG 898','PC','Kadapa I town P.S.','9573459960','2','111'),(1069,'G. NAGARJUNA','HG 873','PC','C.K Dinne P.S.','9052551359','2','111'),(1070,'D. KUMAR','HG 858','PC','Kadapa II town P.S.','9704270093','2','111'),(1071,'M. SUBBARAYUDU','HG 845','PC','C. Chowk U/G P.S.','9000374042','2','111'),(1072,'P. KISHORE BABU','HG 838','PC','Kadapa I town P.S.','9888374235','2','111'),(1073,'S. SUBHAN BASHA','HG 833','PC','Kadapa I town P.S.','8555797262','2','111'),(1074,'P. SREENIVASULU','HG 831','PC','Kadapa I town P.S.','9494646284','2','111'),(1075,'P. SASHIKALA','WHG 807','PC','Kadapa I town P.S.','9908373206','2','117'),(1076,'P. RAJA','HG 739','PC','C. Chowk U/G P.S.','8106923922','2','111'),(1077,'P. BRAHMAIAHA','HG 723','PC','Pendlimarry P.S.','9985242887','2','111'),(1078,'P. ADI REDDAIAHA','HG 706','PC','Kadapa I town P.S.','9985791001','2','112'),(1079,'JEEVAN BABU','HG 597','PC','Kadapa I town P.S.','9959887913','2','112'),(1080,'V. NAVEEN KUMAR','HG 581','PC','Kadapa II town P.S.','9989122470','2','112'),(1081,'P.S.V. S.S. PRASAD','HG 571','PC','Kadapa I town P.S.','9441970399','2','112'),(1082,'D. SREENIVASULU','HG 566','PC','Kadapa I town P.S.','9985922917','2','112'),(1083,'S.P. MIYAZAN','HG 563','PC','Yerraguntla P.S.','9440251613','2','112'),(1084,'K. SUDHAKAR','HG 548','PC','Yerraguntla P.S.','9491260711','2','112'),(1085,'C. SURYANARAYANAMMA','WHG 526','PC','Kadapa Taluk P.S.','9989646078','2','38'),(1086,'S. SREENIVASULU','HG 503','PC','Kadapa II town P.S.','9866483015','2','112'),(1087,'S. KALYAN KUMAR REDDY','HG 455','PC','Chennur P.S.','9666185686','2','112'),(1088,'K.V. LAKSHUMAMMA','WHG 447','PC','C.K Dinne P.S.','7386546209','2','38'),(1089,'M. RAJESH KUMAR','HG 390','PC','Kadapa II town P.S.','9985730765','2','112'),(1090,'B. BHASKAR NAIK','HG 388','PC','C. Chowk U/G P.S.','9177028859','2','110'),(1091,'V. SHIVA KUMAR','HG 341','PC','Kadapa I town P.S.','9493351230','2','110'),(1092,'U. SIVA SHANKAR','HG 279','PC','RIMS P.S.','8897097105','2','110'),(1093,'A.I.V. PRASAD','HG 239','PC','Kadapa Taluk P.S.','9966107211','2','110'),(1094,'L. SATHEESH BABU','HG 229','PC','RIMS P.S.','9985989229','2','110'),(1095,'G. BABU','HG 98','PC','RIMS P.S.','7386664212','2','110'),(1096,'S. SHAJAHAN','HG 10','PC','Kadapa II town P.S.','8897617892','2','118'),(1097,'K. KRISHNA PRASAD','HG 08','PC','C. Chowk U/G P.S.','8008228506','2','118'),(1098,'Bhagya Raju','2786','PC','Kadapa I town P.S.','9052110301','2','52'),(1099,'Hari Krishna','2900','PC','Kadapa I town P.S.','7799553938','2','52'),(1100,'Ganesh','2905','PC','Kadapa I town P.S.','7799553938','2','52'),(1101,'Ganghadhar','1293','PC','Kadapa I town P.S.','7799553938','2','52'),(1102,'N.Ramanjaneyulu','675','HC','F/Zone, Kadapa.','7396880275','2','75'),(1103,'Muntaj Begum','WHG-141','WPC','DAR, Kadapa.','08562244307','2','119'),(1104,'Govindamma','WHG-185','WPC','DAR, Kadapa.','08562244307','2','119'),(1105,'Rajeswari','WHG-350','WPC','DAR, Kadapa.','08562244307','2','119'),(1106,'Uday Rani','WHG-213','WPC','DAR, Kadapa.','08562244307','2','119'),(1107,'Siva Pushpavathi','WHG-243','WPC','DAR, Kadapa.','08562244307','2','119'),(1108,'Vara Lakshmi','WHG-42','WPC','DAR, Kadapa.','08562244307','2','119'),(1109,'Siva Naguramma','WHG-118','WPC','DAR, Kadapa.','08562244307','2','119'),(1110,'Anitha','WHG-626','WPC','DAR, Kadapa.','08562244307','2','119'),(1111,'Prameela','WHF-75','WPC','DAR, Kadapa.','08562244307','2','119'),(1112,'Santhamma','WHG-205','WPC','DAR, Kadapa.','08562244307','2','119');
/*!40000 ALTER TABLE `event_allotment_eventparticipant` ENABLE KEYS */;
UNLOCK TABLES;

--
-- Table structure for table `event_allotment_eventpicketpoint`
--

DROP TABLE IF EXISTS `event_allotment_eventpicketpoint`;
/*!40101 SET @saved_cs_client     = @@character_set_client */;
/*!40101 SET character_set_client = utf8 */;
CREATE TABLE `event_allotment_eventpicketpoint` (
  `id` int(11) NOT NULL AUTO_INCREMENT,
  `ep_name` varchar(200) NOT NULL,
  `ep_event_id` varchar(200) NOT NULL,
  `ep_sector` varchar(50) NOT NULL,
  PRIMARY KEY (`id`)
) ENGINE=InnoDB AUTO_INCREMENT=120 DEFAULT CHARSET=latin1;
/*!40101 SET character_set_client = @saved_cs_client */;

--
-- Dumping data for table `event_allotment_eventpicketpoint`
--

LOCK TABLES `event_allotment_eventpicketpoint` WRITE;
/*!40000 ALTER TABLE `event_allotment_eventpicketpoint` DISABLE KEYS */;
INSERT INTO `event_allotment_eventpicketpoint` VALUES (4,'STATIC BANDHO BUST AT AIRPORT','2','Sector - 1 '),(5,'STATIC BANDHOBUST AT HELIPAD','2','Sector - 2 '),(6,'MEETING PLACE AT MEDA CONVENTION HALL','2','Sector - 3 '),(7,'PARKING PLACES AT MEDA CONVENTION CENTRE','2','Sector - 3 '),(8,'MAIN ENTRANCE AT DTC,KADAPA','2','Sector - 2 '),(9,'VIP PARKING','2','Sector - 2 '),(10,'HELIPAD ENTRANCE','2','Sector - 2 '),(11,'HELIPAD SURROUNDINGS','2','Sector - 2 '),(12,'VIP TENT','2','Sector - 2 '),(13,'PARKING AT RING ROAD','2','Sector - 2 '),(14,'VIP PARKING','2','Sector - 1 '),(15,'ROUTE BB FROM MAIN GATE TO TERMINAL BUILDING AND ATC TOWER','2','Sector - 1 '),(16,'MAIN GATE AND HIGHWAY TRAFFIC CLEARANCE','2','Sector - 1 '),(17,'ATC BUILDING','2','Sector - 1 '),(18,'FLIGHT ALIGHTING POINT','2','Sector - 1 '),(19,'RUNWAY SURROUNDINGS AT DAMAGED WALL','2','Sector - 1 '),(20,'INFRONT OF TERMINAL BUILDING FOR TRAFFIC CLEARANCE','2','Sector - 1 '),(21,'TERMINAL BUILDING / VIP LOUNGE / ARRIVAL GATE / DEPARTURE LOUNGE / SECURITY CHECK','2','Sector - 1 '),(22,'MEDA FUNCTION HALL MAIN GATE','2','Sector - 3 '),(23,'MEDA FUNCTION HALL - EASTERN SIDE COMPOUND WALL','2','Sector - 3 '),(24,'MEDA FUNCTION HALL - SOUTHERN SIDE COMPOUND WALL','2','Sector - 3 '),(25,'MEDA FUNCTION HALL - WESTERN SIDE COMPOUND WALL','2','Sector - 3 '),(26,'CONVENTION CENTER ENTRANCE','2','Sector - 3 '),(27,'INSIDE THE FUNCTION HALL','2','Sector - 3 '),(28,'KITCHEN AND GARDEN','2','Sector - 3 '),(29,'ROOF TOP - FUNCTION HALL FOUR SIDES','2','Sector - 3 '),(30,'ROOF TOP - EAST, SOUTH AND WEST SIDE OUTSIDE THE FUNCTION HALL','2','Sector - 3 '),(31,'LIFTING PARTIES AT MEDA CONVENTION HALL','2','Sector - 3 '),(32,'VIP PARKING - INSIDE THE FUNCTION HALL','2','Sector - 3 '),(33,'VIP PARKING - OPPOSITE TO THE MEDA FUNCTION HALL','2','Sector - 3 '),(34,'GENERAL VEHICLE PARKING - SREENIVASA FUNCTION HALL','2','Sector - 3 '),(35,'GENERAL VEHICLE PARKING - OPPOSITE TO SUVARTHA CHURCH','2','Sector - 3 '),(36,'SAFE HOUSE - SDPO OFFICE, KADAPA','2','Sector - 9 '),(37,'SAFE HOSPITAL - Dr. GAJJALA RAMAKRISHNA REDDY HOSPITAL','2','Sector - 9 '),(38,'STATIC AT R&B GUEST HOUSE - MURALI THEATER JUNCTION','2','Sector - 8 '),(39,'STATIC AT R&B GUEST HOUSE - YSR GUEST HOUSE CROSS','2','Sector - 8 '),(40,'STATIC AT R&B GUEST HOUSE - ZP NORTHERN SIDE GATE \"T\" JUNCTION','2','Sector - 8 '),(41,'STATIC AT R&B GUEST HOUSE - MURALI THEATER JUNCTION TO KOTIREDDY JUNCTION ROUTE CLEARANCE','2','Sector - 8 '),(42,'STATIC AT R&B GUEST HOUSE - INFRONT OF THE VIP SUIT','2','Sector - 8 '),(43,'STATIC AT R&B GUEST HOUSE - INSIDE THE GUEST HOUSE','2','Sector - 8 '),(44,'STATIC AT R&B GUEST HOUSE - WESTERN SIDE OF THE GUEST HOUSE','2','Sector - 8 '),(45,'STATIC AT R&B GUEST HOUSE - EASTERN SIDE OF THE GUEST HOUSE','2','Sector - 8 '),(46,'STATIC AT R&B GUEST HOUSE - NORTHERN SIDE OF THE GUEST HOUSE','2','Sector - 8 '),(47,'STATIC AT R&B GUEST HOUSE - SOUTHERN SIDE OF THE GUEST HOUSE','2','Sector - 8 '),(48,'STATIC AT R&B GUEST HOUSE - INSIDE THE ENTRANCE GATE','2','Sector - 8 '),(49,'STATIC AT R&B GUEST HOUSE - MAIN GATE','2','Sector - 8 '),(50,'STATIC AT R&B GUEST HOUSE - LIFTING PARTY MUFTY','2','Sector - 8 '),(51,'MISCELLANEOUS / LOGISTICS','2','Sector - 9 '),(52,'VIDEOGRAPHY','2','Sector - 9 '),(53,'E - SURVEILLANCE','2','Sector - 9 '),(54,'RESERVE FORCE','2','Sector - 9 '),(55,'PARKING PLACES - EXHIBITION GROUNDS (INFRONT OF MUNICIPAL STADIUM) VVIP/VIP PARKING','2','Sector - 10 '),(56,'PARKING PLACES - INDOOR STADIUM','2','Sector - 10 '),(57,'PARKING PLACES - MUNICIPAL HIGHT SCHOOL GROUNDS NEAR ANNAMAIAHA CIRCLE','2','Sector - 10 '),(58,'PARKING PLACES - MUNICIPAL URDU SCHOOL (OPP: CO-OPERATIVE COLONY ENTRY GATE)','2','Sector - 10 '),(59,'SECTOR - 9: SAFE HOUSE - SDPO OFFICE, KADAPA','2','Sector - 9 '),(60,'SECTOR - 1: AIRPORT: TERMINAL BUILDING / VIP LOUNGE / ARRIVAL GATE / DEPARTURE LUNGE / SECURITY CHECK','2','Sector - 1 '),(61,'SECTOR - 1: STATIC AT AIRPORT: INFRONT OF TERMINAL BUILDING FOR TRAFFIC CLEARANCE','2','Sector - 1 '),(62,'SECTOR - 1: STATIC AT AIRPORT: RUNWAY SURROUNDING AT DAMAGED WALL','2','Sector - 1 '),(63,'SECTOR - 1: STATIC AT AIRPORT: FLIGHT ALIGHTING POING','2','Sector - 1 '),(64,'SECTOR - 1: STATIC AT AIRPORT: ATC BUILDING','2','Sector - 1 '),(65,'SECTOR - 1: STATIC AT AIRPORT: MAIN GATE AND HIGHWAY TRAFFIC CLEARANCE','2','Sector - 1 '),(66,'SECTOR - 1: STATIC AT AIRPORT: VIP PARKING','2','Sector - 1 '),(67,'SECTOR - 1: STATIC AT AIRPORT: ROUTE BB FROM MAIN GATE TO TERMINAL BUILDING AND ATC TOWER','2','Sector - 1 '),(68,'SECTOR - 2: HELIPAD AT DTC, KADAPA: MAIN ENTRANCE AT DTC','2','Sector - 2 '),(69,'SECTOR - 2: HELIPAD AT DTC, KADAPA: VIP PARKING','2','Sector - 2 '),(70,'SECTOR - 2: HELIPAD AT DTC, KADAPA: HELIPAD ENTRANCE','2','Sector - 2 '),(71,'SECTOR - 2: HELIPAD AT DTC, KADAPA: HELIPAD ENTRANCE','2','Sector - 2 '),(72,'SECTOR - 2: HELIPAD AT DTC, KADAPA: HELIPAD SURROUNDINGS','2','Sector - 2 '),(73,'SECTOR - 2: HELIPAD AT DTC, KADAPA: VIP TENT','2','Sector - 2 '),(74,'SECTOR - 2: HELIPAD AT DTC, KADAPA: PARKING AT RING ROAD','2','Sector - 2 '),(75,'SECTOR - 3: MEETING PLACE AT MEDA CONVENTION CENTER: MEDA FUNCTION HALL MAIN GATE','2','Sector - 3 '),(76,'SECTOR - 3: MEETING PLACE AT MEDA CONVENTION CENTER: EASTERN SIDE OF FUNCTION HALL COMPOUND','2','Sector - 3 '),(77,'SECTOR - 3: MEETING PLACE AT MEDA CONVENTION CENTER: SOUTHERN SIDE OF FUNCTION HALL COMPOUND','2','Sector - 3 '),(78,'SECTOR - 3: MEETING PLACE AT MEDA CONVENTION CENTER: WESTERN SIDE OF FUNCTION HALL COMPOUND','2','Sector - 3 '),(79,'SECTOR - 3: MEETING PLACE AT MEDA CONVENTION CENTER: CONVENTION CENTER ENTRANCE','2','Sector - 3 '),(80,'SECTOR - 3: MEETING PLACE AT MEDA CONVENTION CENTER: INSIDE OF THE FUNCTION HALL','2','Sector - 3 '),(81,'SECTOR - 3: MEETING PLACE AT MEDA CONVENTION CENTER: KITCHEN AND GARDEN','2','Sector - 3 '),(82,'SECTOR - 3: MEETING PLACE AT MEDA CONVENTION CENTER: ROOF TOP OF FUNCTION HALL FOUR SIDES','2','Sector - 3 '),(83,'SECTOR - 3: MEETING PLACE AT MEDA CONVENTION CENTER: ROOF TOP AT FUNCTION HALL OUTSIDE','2','Sector - 3 '),(84,'SECTOR - 3: MEETING PLACE AT MEDA CONVENTION CENTER: LIFTING PARTIES (2)','2','Sector - 3 '),(85,'SECTOR - 3: MEETING PLACE AT MEDA CONVENTION CENTER: VIP PARKING INSIDE THE FUNCTION HALL','2','Sector - 3 '),(86,'SECTOR - 3: MEETING PLACE AT MEDA CONVENTION CENTER: VIP VEHICLE PARKING: OPP: FUNCTION HALL','2','Sector - 3 '),(87,'SECTOR - 3: MEETING PLACE AT MEDA CONVENTION CENTER: GENERAL VEHICLE PARKING BESIDE SREENIVASA GARDEN','2','Sector - 3 '),(88,'SECTOR - 3: MEETING PLACE AT MEDA CONVENTION CENTER: GENERAL VEHICLE PARKING - OPP: SURVARTHA CHURCH','2','Sector - 3 '),(89,'SECTOR - 3 (B) : MEETING PLACE AT MEDA CONVENTION CENTER: LIFTING PARTIES','2','Sector - 3 '),(90,'SECTOR - 4: MEETING PLACE AT MUNICIPAL STADIUM - ROSTRUM','2','Sector - 4 '),(91,'SECTOR - 4: MEETING PLACE AT MUNICIPAL STADIUM - D RING','2','Sector - 4 '),(92,'SECTOR - 4: MEETING PLACE AT MUNICIPAL STADIUM - VVIP ENTRANCE GATE AT DATTA SAI TEMPLE','2','Sector - 4 '),(93,'SECTOR - 4: MEETING PLACE AT MUNICIPAL STADIUM - VVIP ENTRY STADIUM MAIN GATE','2','Sector - 4 '),(94,'SECTOR - 4: MEETING PLACE AT MUNICIPAL STADIUM - PORTICO GRILL GATE (BACK SIDE OF THE STAGE)','2','Sector - 4 '),(95,'SECTOR - 4: MEETING PLACE AT MUNICIPAL STADIUM - GATE NO 1 WEST SIDE OF PORTICO FOR VIP ENTRY','2','Sector - 4 '),(96,'SECTOR - 4: MEETING PLACE AT MUNICIPAL STADIUM - GATE NO 2 - INDORE STADIUM FOR PUBLIC ENTRY','2','Sector - 4 '),(97,'SECTOR - 4: MEETING PLACE AT MUNICIPAL STADIUM - Gate no 3 - NORTH SIDE OF STADIUM FOR PUBLIC ENTRY (MASAPET KOTTAKOTTALU)','2','Sector - 4 '),(98,'SECTOR - 4: MEETING PLACE AT MUNICIPAL STADIUM - MEETING PLACE (EAST SIDE ENCLOSER)','2','Sector - 4 '),(99,'SECTOR - 4: MEETING PLACE AT MUNICIPAL STADIUM - MEETING PLACE (WEST ENCLOSER) LADIES GALLERY','2','Sector - 4 '),(100,'SECTOR - 4: MEETING PLACE AT MUNICIPAL STADIUM - RESERVE FORCE','2','Sector - 4 '),(101,'SECTOR - 4: MEETING PLACE AT MUNICIPAL STADIUM - BREAK WALL PUBLIC ENTRY POINT','2','Sector - 4 '),(102,'SECTOR - 4: MEETING PLACE AT MUNICIPAL STADIUM - LIFTING PARTY','2','Sector - 4 '),(103,'SECTOR - 4: MEETING PLACE AT MUNICIPAL STADIUM - OBSERVATION POST','2','Sector - 4 '),(104,'SECTOR - 4: MEETING PLACE AT MUNICIPAL STADIUM - ROOF TOP','2','Sector - 4 '),(105,'SECTOR NO. 5 - ROUTE BANDHO BUST FROM DTC, KADAPA TO MEDA CONVENTION CENTER','2','Sector - 5 '),(106,'SECTOR - 5: ROUTE BANDHO BUST FROM MEDA CONVENTION CENTER TO MUNICIPAL STADIUM','2','Sector - 5 '),(107,'SECTOR - 5: ROUTE BANDHO BUST FROM MUNICIPAL STADIUM TO KOTIREDDY CIRCLE','2','Sector - 5 '),(108,'SECTOR 5: ROUTE BUNDOBUST FROM AIRPORT MAIN GATE TO BUILT-UP JUNCTION','2','Sector - 5 '),(109,'SECTOR 5: ROUTE BUNDOBUST/ MOBILE PARTIES/PUSHING PARTIES/ TRAFFIC DIVERSIONS','2','Sector - 5 '),(110,'SECTOR 6: REGULATION OF BUSES FROM ANNAMAIAH CIRCLE TO MARKET YARD','2','Sector - 6 '),(111,'SECTOR 7 : CHECKPOSTS/ PICKETS/ LODGES CHECKING','2','Sector - 7 '),(112,'SECTOR - 10: PARKING PLACES','2','Sector - 10 '),(113,'SECTOR - XI: SPECIAL STRIKING FORCE AND STRIKING FORCE','2','Sector - 11 '),(114,'SECTOR - 9: RESERVE FORCE','2','Sector - 9 '),(115,'SECTOR - 9: MISCELLANEOUS / LOGISTICS DUTIES','2','Sector - 9 '),(116,'Sector N0-4 Meeting place at Mpl stadium Gate No 4','2','Sector - 4 '),(117,'SECTOR 4: GATE NO.5 AT MUNICIPAL STADIUM MEETING PLACE','2','Sector - 4 '),(118,'Sector No.5 Route Bondobustu from Kotireddy Circle to Buuilt up Junction','2','Sector - 5 '),(119,'Sector-4 Mpl stadium','2','Sector - 4 ');
/*!40000 ALTER TABLE `event_allotment_eventpicketpoint` ENABLE KEYS */;
UNLOCK TABLES;

--
-- Table structure for table `event_allotment_policeevent`
--

DROP TABLE IF EXISTS `event_allotment_policeevent`;
/*!40101 SET @saved_cs_client     = @@character_set_client */;
/*!40101 SET character_set_client = utf8 */;
CREATE TABLE `event_allotment_policeevent` (
  `id` int(11) NOT NULL AUTO_INCREMENT,
  `event_name` varchar(200) NOT NULL,
  `event_place` varchar(200) NOT NULL,
  `event_start_date` varchar(200) NOT NULL,
  `event_end_date` varchar(200) NOT NULL,
  `event_owner` varchar(200) NOT NULL,
  `event_owner_branch` varchar(200) NOT NULL,
  `event_owner_district` varchar(200) NOT NULL,
  PRIMARY KEY (`id`)
) ENGINE=InnoDB AUTO_INCREMENT=3 DEFAULT CHARSET=latin1;
/*!40101 SET character_set_client = @saved_cs_client */;

--
-- Dumping data for table `event_allotment_policeevent`
--

LOCK TABLES `event_allotment_policeevent` WRITE;
/*!40000 ALTER TABLE `event_allotment_policeevent` DISABLE KEYS */;
INSERT INTO `event_allotment_policeevent` VALUES (2,'VISIT OF SRI N. CHANDRA BABU NAIDU, HON\'BLE CM OF AP TO KADAPA CITY','MEDA CONVENTION CENTER / MEETING PLACE AT MUNICIPAL STADIUM','25-Nov-2016 10:00:00 AM','26-Nov-2016 06:00:00 PM','-','SUB-DIVISIONAL POLICE OFFICER, KADAPA','Y.S.R. DISTRICT, KADAPA');
/*!40000 ALTER TABLE `event_allotment_policeevent` ENABLE KEYS */;
UNLOCK TABLES;
/*!40103 SET TIME_ZONE=@OLD_TIME_ZONE */;

/*!40101 SET SQL_MODE=@OLD_SQL_MODE */;
/*!40014 SET FOREIGN_KEY_CHECKS=@OLD_FOREIGN_KEY_CHECKS */;
/*!40014 SET UNIQUE_CHECKS=@OLD_UNIQUE_CHECKS */;
/*!40101 SET CHARACTER_SET_CLIENT=@OLD_CHARACTER_SET_CLIENT */;
/*!40101 SET CHARACTER_SET_RESULTS=@OLD_CHARACTER_SET_RESULTS */;
/*!40101 SET COLLATION_CONNECTION=@OLD_COLLATION_CONNECTION */;
/*!40111 SET SQL_NOTES=@OLD_SQL_NOTES */;

-- Dump completed on 2016-11-29  4:56:33
