-- MySQL dump 10.13  Distrib 5.6.33, for Linux (x86_64)
--
-- Host: localhost    Database: appolice
-- ------------------------------------------------------
-- Server version	5.6.33

/*!40101 SET @OLD_CHARACTER_SET_CLIENT=@@CHARACTER_SET_CLIENT */;
/*!40101 SET @OLD_CHARACTER_SET_RESULTS=@@CHARACTER_SET_RESULTS */;
/*!40101 SET @OLD_COLLATION_CONNECTION=@@COLLATION_CONNECTION */;
/*!40101 SET NAMES utf8 */;
/*!40103 SET @OLD_TIME_ZONE=@@TIME_ZONE */;
/*!40103 SET TIME_ZONE='+00:00' */;
/*!40014 SET @OLD_UNIQUE_CHECKS=@@UNIQUE_CHECKS, UNIQUE_CHECKS=0 */;
/*!40014 SET @OLD_FOREIGN_KEY_CHECKS=@@FOREIGN_KEY_CHECKS, FOREIGN_KEY_CHECKS=0 */;
/*!40101 SET @OLD_SQL_MODE=@@SQL_MODE, SQL_MODE='NO_AUTO_VALUE_ON_ZERO' */;
/*!40111 SET @OLD_SQL_NOTES=@@SQL_NOTES, SQL_NOTES=0 */;

--
-- Table structure for table `auth_group`
--

DROP TABLE IF EXISTS `auth_group`;
/*!40101 SET @saved_cs_client     = @@character_set_client */;
/*!40101 SET character_set_client = utf8 */;
CREATE TABLE `auth_group` (
  `id` int(11) NOT NULL AUTO_INCREMENT,
  `name` varchar(80) NOT NULL,
  PRIMARY KEY (`id`),
  UNIQUE KEY `name` (`name`)
) ENGINE=InnoDB AUTO_INCREMENT=2 DEFAULT CHARSET=latin1;
/*!40101 SET character_set_client = @saved_cs_client */;

--
-- Dumping data for table `auth_group`
--

LOCK TABLES `auth_group` WRITE;
/*!40000 ALTER TABLE `auth_group` DISABLE KEYS */;
INSERT INTO `auth_group` VALUES (1,'admin_only');
/*!40000 ALTER TABLE `auth_group` ENABLE KEYS */;
UNLOCK TABLES;

--
-- Table structure for table `auth_group_permissions`
--

DROP TABLE IF EXISTS `auth_group_permissions`;
/*!40101 SET @saved_cs_client     = @@character_set_client */;
/*!40101 SET character_set_client = utf8 */;
CREATE TABLE `auth_group_permissions` (
  `id` int(11) NOT NULL AUTO_INCREMENT,
  `group_id` int(11) NOT NULL,
  `permission_id` int(11) NOT NULL,
  PRIMARY KEY (`id`),
  UNIQUE KEY `auth_group_permissions_group_id_0cd325b0_uniq` (`group_id`,`permission_id`),
  KEY `auth_group_permissi_permission_id_84c5c92e_fk_auth_permission_id` (`permission_id`),
  CONSTRAINT `auth_group_permissi_permission_id_84c5c92e_fk_auth_permission_id` FOREIGN KEY (`permission_id`) REFERENCES `auth_permission` (`id`),
  CONSTRAINT `auth_group_permissions_group_id_b120cbf9_fk_auth_group_id` FOREIGN KEY (`group_id`) REFERENCES `auth_group` (`id`)
) ENGINE=InnoDB DEFAULT CHARSET=latin1;
/*!40101 SET character_set_client = @saved_cs_client */;

--
-- Dumping data for table `auth_group_permissions`
--

LOCK TABLES `auth_group_permissions` WRITE;
/*!40000 ALTER TABLE `auth_group_permissions` DISABLE KEYS */;
/*!40000 ALTER TABLE `auth_group_permissions` ENABLE KEYS */;
UNLOCK TABLES;

--
-- Table structure for table `auth_permission`
--

DROP TABLE IF EXISTS `auth_permission`;
/*!40101 SET @saved_cs_client     = @@character_set_client */;
/*!40101 SET character_set_client = utf8 */;
CREATE TABLE `auth_permission` (
  `id` int(11) NOT NULL AUTO_INCREMENT,
  `name` varchar(255) NOT NULL,
  `content_type_id` int(11) NOT NULL,
  `codename` varchar(100) NOT NULL,
  PRIMARY KEY (`id`),
  UNIQUE KEY `auth_permission_content_type_id_01ab375a_uniq` (`content_type_id`,`codename`),
  CONSTRAINT `auth_permissi_content_type_id_2f476e4b_fk_django_content_type_id` FOREIGN KEY (`content_type_id`) REFERENCES `django_content_type` (`id`)
) ENGINE=InnoDB AUTO_INCREMENT=28 DEFAULT CHARSET=latin1;
/*!40101 SET character_set_client = @saved_cs_client */;

--
-- Dumping data for table `auth_permission`
--

LOCK TABLES `auth_permission` WRITE;
/*!40000 ALTER TABLE `auth_permission` DISABLE KEYS */;
INSERT INTO `auth_permission` VALUES (1,'Can add police event',1,'add_policeevent'),(2,'Can change police event',1,'change_policeevent'),(3,'Can delete police event',1,'delete_policeevent'),(4,'Can add event participant',2,'add_eventparticipant'),(5,'Can change event participant',2,'change_eventparticipant'),(6,'Can delete event participant',2,'delete_eventparticipant'),(7,'Can add event picket point',3,'add_eventpicketpoint'),(8,'Can change event picket point',3,'change_eventpicketpoint'),(9,'Can delete event picket point',3,'delete_eventpicketpoint'),(10,'Can add log entry',4,'add_logentry'),(11,'Can change log entry',4,'change_logentry'),(12,'Can delete log entry',4,'delete_logentry'),(13,'Can add permission',5,'add_permission'),(14,'Can change permission',5,'change_permission'),(15,'Can delete permission',5,'delete_permission'),(16,'Can add group',6,'add_group'),(17,'Can change group',6,'change_group'),(18,'Can delete group',6,'delete_group'),(19,'Can add user',7,'add_user'),(20,'Can change user',7,'change_user'),(21,'Can delete user',7,'delete_user'),(22,'Can add content type',8,'add_contenttype'),(23,'Can change content type',8,'change_contenttype'),(24,'Can delete content type',8,'delete_contenttype'),(25,'Can add session',9,'add_session'),(26,'Can change session',9,'change_session'),(27,'Can delete session',9,'delete_session');
/*!40000 ALTER TABLE `auth_permission` ENABLE KEYS */;
UNLOCK TABLES;

--
-- Table structure for table `auth_user`
--

DROP TABLE IF EXISTS `auth_user`;
/*!40101 SET @saved_cs_client     = @@character_set_client */;
/*!40101 SET character_set_client = utf8 */;
CREATE TABLE `auth_user` (
  `id` int(11) NOT NULL AUTO_INCREMENT,
  `password` varchar(128) NOT NULL,
  `last_login` datetime DEFAULT NULL,
  `is_superuser` tinyint(1) NOT NULL,
  `username` varchar(30) NOT NULL,
  `first_name` varchar(30) NOT NULL,
  `last_name` varchar(30) NOT NULL,
  `email` varchar(254) NOT NULL,
  `is_staff` tinyint(1) NOT NULL,
  `is_active` tinyint(1) NOT NULL,
  `date_joined` datetime NOT NULL,
  PRIMARY KEY (`id`),
  UNIQUE KEY `username` (`username`)
) ENGINE=InnoDB AUTO_INCREMENT=4 DEFAULT CHARSET=latin1;
/*!40101 SET character_set_client = @saved_cs_client */;

--
-- Dumping data for table `auth_user`
--

LOCK TABLES `auth_user` WRITE;
/*!40000 ALTER TABLE `auth_user` DISABLE KEYS */;
INSERT INTO `auth_user` VALUES (1,'pbkdf2_sha256$24000$C0QK0qmZUOfy$2AWsh90KubQ44Ah3O4QRm7NnnAV+aF8WVl3sounrqfo=','2016-11-24 01:37:47',1,'admin','','','bandi.balaram@gmail.com',1,1,'2016-08-03 15:55:36'),(2,'pbkdf2_sha256$24000$9ES7D1Lx365N$ENqm5z2kGafW+OM1LX/CLmq8LXVAYy7bHO0Kj4cBFhU=','2016-11-24 09:05:16',0,'kadapasb','','','',0,1,'2016-08-03 16:26:10'),(3,'pbkdf2_sha256$24000$BJ5TE5jKQmbU$CRLauBd8vcbSP6+TTT0KB1fdQ9ApapzgQJijDBk2ehk=','2016-11-24 01:40:32',0,'ps_login','','','',0,1,'2016-08-03 16:28:01');
/*!40000 ALTER TABLE `auth_user` ENABLE KEYS */;
UNLOCK TABLES;

--
-- Table structure for table `auth_user_groups`
--

DROP TABLE IF EXISTS `auth_user_groups`;
/*!40101 SET @saved_cs_client     = @@character_set_client */;
/*!40101 SET character_set_client = utf8 */;
CREATE TABLE `auth_user_groups` (
  `id` int(11) NOT NULL AUTO_INCREMENT,
  `user_id` int(11) NOT NULL,
  `group_id` int(11) NOT NULL,
  PRIMARY KEY (`id`),
  UNIQUE KEY `auth_user_groups_user_id_94350c0c_uniq` (`user_id`,`group_id`),
  KEY `auth_user_groups_group_id_97559544_fk_auth_group_id` (`group_id`),
  CONSTRAINT `auth_user_groups_group_id_97559544_fk_auth_group_id` FOREIGN KEY (`group_id`) REFERENCES `auth_group` (`id`),
  CONSTRAINT `auth_user_groups_user_id_6a12ed8b_fk_auth_user_id` FOREIGN KEY (`user_id`) REFERENCES `auth_user` (`id`)
) ENGINE=InnoDB AUTO_INCREMENT=2 DEFAULT CHARSET=latin1;
/*!40101 SET character_set_client = @saved_cs_client */;

--
-- Dumping data for table `auth_user_groups`
--

LOCK TABLES `auth_user_groups` WRITE;
/*!40000 ALTER TABLE `auth_user_groups` DISABLE KEYS */;
INSERT INTO `auth_user_groups` VALUES (1,2,1);
/*!40000 ALTER TABLE `auth_user_groups` ENABLE KEYS */;
UNLOCK TABLES;

--
-- Table structure for table `auth_user_user_permissions`
--

DROP TABLE IF EXISTS `auth_user_user_permissions`;
/*!40101 SET @saved_cs_client     = @@character_set_client */;
/*!40101 SET character_set_client = utf8 */;
CREATE TABLE `auth_user_user_permissions` (
  `id` int(11) NOT NULL AUTO_INCREMENT,
  `user_id` int(11) NOT NULL,
  `permission_id` int(11) NOT NULL,
  PRIMARY KEY (`id`),
  UNIQUE KEY `auth_user_user_permissions_user_id_14a6b632_uniq` (`user_id`,`permission_id`),
  KEY `auth_user_user_perm_permission_id_1fbb5f2c_fk_auth_permission_id` (`permission_id`),
  CONSTRAINT `auth_user_user_perm_permission_id_1fbb5f2c_fk_auth_permission_id` FOREIGN KEY (`permission_id`) REFERENCES `auth_permission` (`id`),
  CONSTRAINT `auth_user_user_permissions_user_id_a95ead1b_fk_auth_user_id` FOREIGN KEY (`user_id`) REFERENCES `auth_user` (`id`)
) ENGINE=InnoDB DEFAULT CHARSET=latin1;
/*!40101 SET character_set_client = @saved_cs_client */;

--
-- Dumping data for table `auth_user_user_permissions`
--

LOCK TABLES `auth_user_user_permissions` WRITE;
/*!40000 ALTER TABLE `auth_user_user_permissions` DISABLE KEYS */;
/*!40000 ALTER TABLE `auth_user_user_permissions` ENABLE KEYS */;
UNLOCK TABLES;

--
-- Table structure for table `django_admin_log`
--

DROP TABLE IF EXISTS `django_admin_log`;
/*!40101 SET @saved_cs_client     = @@character_set_client */;
/*!40101 SET character_set_client = utf8 */;
CREATE TABLE `django_admin_log` (
  `id` int(11) NOT NULL AUTO_INCREMENT,
  `action_time` datetime NOT NULL,
  `object_id` longtext,
  `object_repr` varchar(200) NOT NULL,
  `action_flag` smallint(5) unsigned NOT NULL,
  `change_message` longtext NOT NULL,
  `content_type_id` int(11) DEFAULT NULL,
  `user_id` int(11) NOT NULL,
  PRIMARY KEY (`id`),
  KEY `django_admin__content_type_id_c4bce8eb_fk_django_content_type_id` (`content_type_id`),
  KEY `django_admin_log_user_id_c564eba6_fk_auth_user_id` (`user_id`),
  CONSTRAINT `django_admin__content_type_id_c4bce8eb_fk_django_content_type_id` FOREIGN KEY (`content_type_id`) REFERENCES `django_content_type` (`id`),
  CONSTRAINT `django_admin_log_user_id_c564eba6_fk_auth_user_id` FOREIGN KEY (`user_id`) REFERENCES `auth_user` (`id`)
) ENGINE=InnoDB AUTO_INCREMENT=6 DEFAULT CHARSET=latin1;
/*!40101 SET character_set_client = @saved_cs_client */;

--
-- Dumping data for table `django_admin_log`
--

LOCK TABLES `django_admin_log` WRITE;
/*!40000 ALTER TABLE `django_admin_log` DISABLE KEYS */;
INSERT INTO `django_admin_log` VALUES (1,'2016-08-03 16:26:10','2','kadapasb',1,'Added.',7,1),(2,'2016-08-03 16:26:28','1','admin_only',1,'Added.',6,1),(3,'2016-08-03 16:28:01','3','ps_login',1,'Added.',7,1),(4,'2016-08-03 16:36:26','3','ps_login',2,'Changed password.',7,1),(5,'2016-08-03 17:48:50','2','kadapasb',2,'Changed groups.',7,1);
/*!40000 ALTER TABLE `django_admin_log` ENABLE KEYS */;
UNLOCK TABLES;

--
-- Table structure for table `django_content_type`
--

DROP TABLE IF EXISTS `django_content_type`;
/*!40101 SET @saved_cs_client     = @@character_set_client */;
/*!40101 SET character_set_client = utf8 */;
CREATE TABLE `django_content_type` (
  `id` int(11) NOT NULL AUTO_INCREMENT,
  `app_label` varchar(100) NOT NULL,
  `model` varchar(100) NOT NULL,
  PRIMARY KEY (`id`),
  UNIQUE KEY `django_content_type_app_label_76bd3d3b_uniq` (`app_label`,`model`)
) ENGINE=InnoDB AUTO_INCREMENT=10 DEFAULT CHARSET=latin1;
/*!40101 SET character_set_client = @saved_cs_client */;

--
-- Dumping data for table `django_content_type`
--

LOCK TABLES `django_content_type` WRITE;
/*!40000 ALTER TABLE `django_content_type` DISABLE KEYS */;
INSERT INTO `django_content_type` VALUES (4,'admin','logentry'),(6,'auth','group'),(5,'auth','permission'),(7,'auth','user'),(8,'contenttypes','contenttype'),(2,'event_allotment','eventparticipant'),(3,'event_allotment','eventpicketpoint'),(1,'event_allotment','policeevent'),(9,'sessions','session');
/*!40000 ALTER TABLE `django_content_type` ENABLE KEYS */;
UNLOCK TABLES;

--
-- Table structure for table `django_migrations`
--

DROP TABLE IF EXISTS `django_migrations`;
/*!40101 SET @saved_cs_client     = @@character_set_client */;
/*!40101 SET character_set_client = utf8 */;
CREATE TABLE `django_migrations` (
  `id` int(11) NOT NULL AUTO_INCREMENT,
  `app` varchar(255) NOT NULL,
  `name` varchar(255) NOT NULL,
  `applied` datetime NOT NULL,
  PRIMARY KEY (`id`)
) ENGINE=InnoDB AUTO_INCREMENT=16 DEFAULT CHARSET=latin1;
/*!40101 SET character_set_client = @saved_cs_client */;

--
-- Dumping data for table `django_migrations`
--

LOCK TABLES `django_migrations` WRITE;
/*!40000 ALTER TABLE `django_migrations` DISABLE KEYS */;
INSERT INTO `django_migrations` VALUES (1,'contenttypes','0001_initial','2016-07-20 12:25:43'),(2,'auth','0001_initial','2016-07-20 12:25:43'),(3,'admin','0001_initial','2016-07-20 12:25:43'),(4,'admin','0002_logentry_remove_auto_add','2016-07-20 12:25:43'),(5,'contenttypes','0002_remove_content_type_name','2016-07-20 12:25:43'),(6,'auth','0002_alter_permission_name_max_length','2016-07-20 12:25:43'),(7,'auth','0003_alter_user_email_max_length','2016-07-20 12:25:43'),(8,'auth','0004_alter_user_username_opts','2016-07-20 12:25:43'),(9,'auth','0005_alter_user_last_login_null','2016-07-20 12:25:43'),(10,'auth','0006_require_contenttypes_0002','2016-07-20 12:25:43'),(11,'auth','0007_alter_validators_add_error_messages','2016-07-20 12:25:43'),(12,'sessions','0001_initial','2016-07-20 12:25:43'),(13,'event_allotment','0001_initial','2016-07-20 15:55:39'),(14,'event_allotment','0002_auto_20160720_1605','2016-07-20 16:05:39'),(15,'event_allotment','0003_eventpicketpoint_ep_sector','2016-08-05 16:38:42');
/*!40000 ALTER TABLE `django_migrations` ENABLE KEYS */;
UNLOCK TABLES;

--
-- Table structure for table `django_session`
--

DROP TABLE IF EXISTS `django_session`;
/*!40101 SET @saved_cs_client     = @@character_set_client */;
/*!40101 SET character_set_client = utf8 */;
CREATE TABLE `django_session` (
  `session_key` varchar(40) NOT NULL,
  `session_data` longtext NOT NULL,
  `expire_date` datetime NOT NULL,
  PRIMARY KEY (`session_key`),
  KEY `django_session_de54fa62` (`expire_date`)
) ENGINE=InnoDB DEFAULT CHARSET=latin1;
/*!40101 SET character_set_client = @saved_cs_client */;

--
-- Dumping data for table `django_session`
--

LOCK TABLES `django_session` WRITE;
/*!40000 ALTER TABLE `django_session` DISABLE KEYS */;
INSERT INTO `django_session` VALUES ('0d7yagfsuzxkgh74c1o973u8cx4h82e6','MGU1YTIzYWE3ZTE4OTk2MWRkOGIyNGM5NmMwMDQyNjNmMmUyOTYwNjp7Il9hdXRoX3VzZXJfaGFzaCI6Ijk0NDQxZWFkZTI0NTJlNzM4ZjdmMDJiMjZkNzExYzIyYmQ1M2Q0N2EiLCJfYXV0aF91c2VyX2JhY2tlbmQiOiJkamFuZ28uY29udHJpYi5hdXRoLmJhY2tlbmRzLk1vZGVsQmFja2VuZCIsIl9hdXRoX3VzZXJfaWQiOiIyIn0=','2016-09-22 03:52:15'),('3tv76jg3vmmb0x34j5dogcdqio2lybdw','MGU1YTIzYWE3ZTE4OTk2MWRkOGIyNGM5NmMwMDQyNjNmMmUyOTYwNjp7Il9hdXRoX3VzZXJfaGFzaCI6Ijk0NDQxZWFkZTI0NTJlNzM4ZjdmMDJiMjZkNzExYzIyYmQ1M2Q0N2EiLCJfYXV0aF91c2VyX2JhY2tlbmQiOiJkamFuZ28uY29udHJpYi5hdXRoLmJhY2tlbmRzLk1vZGVsQmFja2VuZCIsIl9hdXRoX3VzZXJfaWQiOiIyIn0=','2016-12-08 09:05:17'),('53mvg4dmcgtq2iuwz4rdmzkbggi5gxr6','MDUzYWNhOTVlOWU4Y2QyM2RjOGNjODc3NGUyODRjNDVjZjczNjRlZDp7Il9hdXRoX3VzZXJfaGFzaCI6IjYyMmU2MTAyZTJlYzRhZDYxYmE1YWJmZWQ5NzMyZTRmMjkyNzg4ZWEiLCJfYXV0aF91c2VyX2JhY2tlbmQiOiJkamFuZ28uY29udHJpYi5hdXRoLmJhY2tlbmRzLk1vZGVsQmFja2VuZCIsIl9hdXRoX3VzZXJfaWQiOiIzIn0=','2016-12-07 16:33:02'),('602px2qfyw2e78u1ddn92g4de1jygz7p','MGU1YTIzYWE3ZTE4OTk2MWRkOGIyNGM5NmMwMDQyNjNmMmUyOTYwNjp7Il9hdXRoX3VzZXJfaGFzaCI6Ijk0NDQxZWFkZTI0NTJlNzM4ZjdmMDJiMjZkNzExYzIyYmQ1M2Q0N2EiLCJfYXV0aF91c2VyX2JhY2tlbmQiOiJkamFuZ28uY29udHJpYi5hdXRoLmJhY2tlbmRzLk1vZGVsQmFja2VuZCIsIl9hdXRoX3VzZXJfaWQiOiIyIn0=','2016-09-14 17:48:03'),('60kzea6p2xvkhw5s0db40fwr2udmtgb9','MGU1YTIzYWE3ZTE4OTk2MWRkOGIyNGM5NmMwMDQyNjNmMmUyOTYwNjp7Il9hdXRoX3VzZXJfaGFzaCI6Ijk0NDQxZWFkZTI0NTJlNzM4ZjdmMDJiMjZkNzExYzIyYmQ1M2Q0N2EiLCJfYXV0aF91c2VyX2JhY2tlbmQiOiJkamFuZ28uY29udHJpYi5hdXRoLmJhY2tlbmRzLk1vZGVsQmFja2VuZCIsIl9hdXRoX3VzZXJfaWQiOiIyIn0=','2016-08-21 13:48:29'),('6jnncexkg9io5313t73uzn39rhtf3516','MGU1YTIzYWE3ZTE4OTk2MWRkOGIyNGM5NmMwMDQyNjNmMmUyOTYwNjp7Il9hdXRoX3VzZXJfaGFzaCI6Ijk0NDQxZWFkZTI0NTJlNzM4ZjdmMDJiMjZkNzExYzIyYmQ1M2Q0N2EiLCJfYXV0aF91c2VyX2JhY2tlbmQiOiJkamFuZ28uY29udHJpYi5hdXRoLmJhY2tlbmRzLk1vZGVsQmFja2VuZCIsIl9hdXRoX3VzZXJfaWQiOiIyIn0=','2016-10-15 17:52:50'),('8453umwa5bhgnh990qa6t0ikpt1851js','MGU1YTIzYWE3ZTE4OTk2MWRkOGIyNGM5NmMwMDQyNjNmMmUyOTYwNjp7Il9hdXRoX3VzZXJfaGFzaCI6Ijk0NDQxZWFkZTI0NTJlNzM4ZjdmMDJiMjZkNzExYzIyYmQ1M2Q0N2EiLCJfYXV0aF91c2VyX2JhY2tlbmQiOiJkamFuZ28uY29udHJpYi5hdXRoLmJhY2tlbmRzLk1vZGVsQmFja2VuZCIsIl9hdXRoX3VzZXJfaWQiOiIyIn0=','2016-11-16 16:13:32'),('cujubp6wdtzbxkde9acwlif2h5hnn0zl','MGU1YTIzYWE3ZTE4OTk2MWRkOGIyNGM5NmMwMDQyNjNmMmUyOTYwNjp7Il9hdXRoX3VzZXJfaGFzaCI6Ijk0NDQxZWFkZTI0NTJlNzM4ZjdmMDJiMjZkNzExYzIyYmQ1M2Q0N2EiLCJfYXV0aF91c2VyX2JhY2tlbmQiOiJkamFuZ28uY29udHJpYi5hdXRoLmJhY2tlbmRzLk1vZGVsQmFja2VuZCIsIl9hdXRoX3VzZXJfaWQiOiIyIn0=','2016-09-14 18:02:05'),('eaxt4eqw6bncii7kn9zmv54dmb1raaay','MGU1YTIzYWE3ZTE4OTk2MWRkOGIyNGM5NmMwMDQyNjNmMmUyOTYwNjp7Il9hdXRoX3VzZXJfaGFzaCI6Ijk0NDQxZWFkZTI0NTJlNzM4ZjdmMDJiMjZkNzExYzIyYmQ1M2Q0N2EiLCJfYXV0aF91c2VyX2JhY2tlbmQiOiJkamFuZ28uY29udHJpYi5hdXRoLmJhY2tlbmRzLk1vZGVsQmFja2VuZCIsIl9hdXRoX3VzZXJfaWQiOiIyIn0=','2016-10-04 09:07:02'),('eomb4zokknqq6idxurpb5po4vm6zaq4m','MDUzYWNhOTVlOWU4Y2QyM2RjOGNjODc3NGUyODRjNDVjZjczNjRlZDp7Il9hdXRoX3VzZXJfaGFzaCI6IjYyMmU2MTAyZTJlYzRhZDYxYmE1YWJmZWQ5NzMyZTRmMjkyNzg4ZWEiLCJfYXV0aF91c2VyX2JhY2tlbmQiOiJkamFuZ28uY29udHJpYi5hdXRoLmJhY2tlbmRzLk1vZGVsQmFja2VuZCIsIl9hdXRoX3VzZXJfaWQiOiIzIn0=','2016-12-07 17:53:03'),('fe61eplrrowesjaina4a2m7io2lwgn5s','MGU1YTIzYWE3ZTE4OTk2MWRkOGIyNGM5NmMwMDQyNjNmMmUyOTYwNjp7Il9hdXRoX3VzZXJfaGFzaCI6Ijk0NDQxZWFkZTI0NTJlNzM4ZjdmMDJiMjZkNzExYzIyYmQ1M2Q0N2EiLCJfYXV0aF91c2VyX2JhY2tlbmQiOiJkamFuZ28uY29udHJpYi5hdXRoLmJhY2tlbmRzLk1vZGVsQmFja2VuZCIsIl9hdXRoX3VzZXJfaWQiOiIyIn0=','2016-10-26 06:51:08'),('g6cwslaqcvxqmfnzw4pf63fci4jwbezb','ZmQ1NzNhOTAzMTdhZjAxMjNjMTI2NDczOTEyOTM3YzQ5MzBhZDc0YTp7Il9hdXRoX3VzZXJfaGFzaCI6IjYyMmU2MTAyZTJlYzRhZDYxYmE1YWJmZWQ5NzMyZTRmMjkyNzg4ZWEiLCJfYXV0aF91c2VyX2lkIjoiMyIsIl9hdXRoX3VzZXJfYmFja2VuZCI6ImRqYW5nby5jb250cmliLmF1dGguYmFja2VuZHMuTW9kZWxCYWNrZW5kIn0=','2016-12-07 17:59:15'),('h3x4ws1mbruyaeeo1u1hlev5dnruou03','MGU1YTIzYWE3ZTE4OTk2MWRkOGIyNGM5NmMwMDQyNjNmMmUyOTYwNjp7Il9hdXRoX3VzZXJfaGFzaCI6Ijk0NDQxZWFkZTI0NTJlNzM4ZjdmMDJiMjZkNzExYzIyYmQ1M2Q0N2EiLCJfYXV0aF91c2VyX2JhY2tlbmQiOiJkamFuZ28uY29udHJpYi5hdXRoLmJhY2tlbmRzLk1vZGVsQmFja2VuZCIsIl9hdXRoX3VzZXJfaWQiOiIyIn0=','2016-10-18 05:15:11'),('ib45ezj6h0oqzoqjcwj73wev34roxgqi','MDUzYWNhOTVlOWU4Y2QyM2RjOGNjODc3NGUyODRjNDVjZjczNjRlZDp7Il9hdXRoX3VzZXJfaGFzaCI6IjYyMmU2MTAyZTJlYzRhZDYxYmE1YWJmZWQ5NzMyZTRmMjkyNzg4ZWEiLCJfYXV0aF91c2VyX2JhY2tlbmQiOiJkamFuZ28uY29udHJpYi5hdXRoLmJhY2tlbmRzLk1vZGVsQmFja2VuZCIsIl9hdXRoX3VzZXJfaWQiOiIzIn0=','2016-12-07 17:09:21'),('l25p4yo1cptnlxlq2vqnljbdm3gzg7q8','MGU1YTIzYWE3ZTE4OTk2MWRkOGIyNGM5NmMwMDQyNjNmMmUyOTYwNjp7Il9hdXRoX3VzZXJfaGFzaCI6Ijk0NDQxZWFkZTI0NTJlNzM4ZjdmMDJiMjZkNzExYzIyYmQ1M2Q0N2EiLCJfYXV0aF91c2VyX2JhY2tlbmQiOiJkamFuZ28uY29udHJpYi5hdXRoLmJhY2tlbmRzLk1vZGVsQmFja2VuZCIsIl9hdXRoX3VzZXJfaWQiOiIyIn0=','2016-09-09 08:51:19'),('ly98ld0m3ah8vllbtacu8gbxcuuto6jf','MGU1YTIzYWE3ZTE4OTk2MWRkOGIyNGM5NmMwMDQyNjNmMmUyOTYwNjp7Il9hdXRoX3VzZXJfaGFzaCI6Ijk0NDQxZWFkZTI0NTJlNzM4ZjdmMDJiMjZkNzExYzIyYmQ1M2Q0N2EiLCJfYXV0aF91c2VyX2JhY2tlbmQiOiJkamFuZ28uY29udHJpYi5hdXRoLmJhY2tlbmRzLk1vZGVsQmFja2VuZCIsIl9hdXRoX3VzZXJfaWQiOiIyIn0=','2016-08-18 16:39:13'),('miav96sp92pj41lmg7jdlqg2ktt4z2oy','MGU1YTIzYWE3ZTE4OTk2MWRkOGIyNGM5NmMwMDQyNjNmMmUyOTYwNjp7Il9hdXRoX3VzZXJfaGFzaCI6Ijk0NDQxZWFkZTI0NTJlNzM4ZjdmMDJiMjZkNzExYzIyYmQ1M2Q0N2EiLCJfYXV0aF91c2VyX2JhY2tlbmQiOiJkamFuZ28uY29udHJpYi5hdXRoLmJhY2tlbmRzLk1vZGVsQmFja2VuZCIsIl9hdXRoX3VzZXJfaWQiOiIyIn0=','2016-10-22 02:30:17'),('oau4r37ua46skisfdvfyguzjy5jf7kdf','MGU1YTIzYWE3ZTE4OTk2MWRkOGIyNGM5NmMwMDQyNjNmMmUyOTYwNjp7Il9hdXRoX3VzZXJfaGFzaCI6Ijk0NDQxZWFkZTI0NTJlNzM4ZjdmMDJiMjZkNzExYzIyYmQ1M2Q0N2EiLCJfYXV0aF91c2VyX2JhY2tlbmQiOiJkamFuZ28uY29udHJpYi5hdXRoLmJhY2tlbmRzLk1vZGVsQmFja2VuZCIsIl9hdXRoX3VzZXJfaWQiOiIyIn0=','2016-09-16 08:17:36'),('ozx649pbllpj36btzxlxvdwq20r3squn','MDUzYWNhOTVlOWU4Y2QyM2RjOGNjODc3NGUyODRjNDVjZjczNjRlZDp7Il9hdXRoX3VzZXJfaGFzaCI6IjYyMmU2MTAyZTJlYzRhZDYxYmE1YWJmZWQ5NzMyZTRmMjkyNzg4ZWEiLCJfYXV0aF91c2VyX2JhY2tlbmQiOiJkamFuZ28uY29udHJpYi5hdXRoLmJhY2tlbmRzLk1vZGVsQmFja2VuZCIsIl9hdXRoX3VzZXJfaWQiOiIzIn0=','2016-12-07 17:13:15'),('pkpn8tsjautes37gre5eb9jd94tfoyzp','MGU1YTIzYWE3ZTE4OTk2MWRkOGIyNGM5NmMwMDQyNjNmMmUyOTYwNjp7Il9hdXRoX3VzZXJfaGFzaCI6Ijk0NDQxZWFkZTI0NTJlNzM4ZjdmMDJiMjZkNzExYzIyYmQ1M2Q0N2EiLCJfYXV0aF91c2VyX2JhY2tlbmQiOiJkamFuZ28uY29udHJpYi5hdXRoLmJhY2tlbmRzLk1vZGVsQmFja2VuZCIsIl9hdXRoX3VzZXJfaWQiOiIyIn0=','2016-11-04 08:16:25'),('tah6xo7hd9fgz3kep953a8ume0sccsjb','MDUzYWNhOTVlOWU4Y2QyM2RjOGNjODc3NGUyODRjNDVjZjczNjRlZDp7Il9hdXRoX3VzZXJfaGFzaCI6IjYyMmU2MTAyZTJlYzRhZDYxYmE1YWJmZWQ5NzMyZTRmMjkyNzg4ZWEiLCJfYXV0aF91c2VyX2JhY2tlbmQiOiJkamFuZ28uY29udHJpYi5hdXRoLmJhY2tlbmRzLk1vZGVsQmFja2VuZCIsIl9hdXRoX3VzZXJfaWQiOiIzIn0=','2016-12-07 16:32:08'),('vhoj1boogi1o3lkgb95vvfrrrru13b4l','MGU1YTIzYWE3ZTE4OTk2MWRkOGIyNGM5NmMwMDQyNjNmMmUyOTYwNjp7Il9hdXRoX3VzZXJfaGFzaCI6Ijk0NDQxZWFkZTI0NTJlNzM4ZjdmMDJiMjZkNzExYzIyYmQ1M2Q0N2EiLCJfYXV0aF91c2VyX2JhY2tlbmQiOiJkamFuZ28uY29udHJpYi5hdXRoLmJhY2tlbmRzLk1vZGVsQmFja2VuZCIsIl9hdXRoX3VzZXJfaWQiOiIyIn0=','2016-12-08 02:05:08'),('vv4jnfrrqhcgi64hakibldeckwv2nxi9','MGU1YTIzYWE3ZTE4OTk2MWRkOGIyNGM5NmMwMDQyNjNmMmUyOTYwNjp7Il9hdXRoX3VzZXJfaGFzaCI6Ijk0NDQxZWFkZTI0NTJlNzM4ZjdmMDJiMjZkNzExYzIyYmQ1M2Q0N2EiLCJfYXV0aF91c2VyX2JhY2tlbmQiOiJkamFuZ28uY29udHJpYi5hdXRoLmJhY2tlbmRzLk1vZGVsQmFja2VuZCIsIl9hdXRoX3VzZXJfaWQiOiIyIn0=','2016-08-20 06:21:21'),('wj4gtt8sf0fahrzo08tvd1zxouwoz66r','MGU1YTIzYWE3ZTE4OTk2MWRkOGIyNGM5NmMwMDQyNjNmMmUyOTYwNjp7Il9hdXRoX3VzZXJfaGFzaCI6Ijk0NDQxZWFkZTI0NTJlNzM4ZjdmMDJiMjZkNzExYzIyYmQ1M2Q0N2EiLCJfYXV0aF91c2VyX2JhY2tlbmQiOiJkamFuZ28uY29udHJpYi5hdXRoLmJhY2tlbmRzLk1vZGVsQmFja2VuZCIsIl9hdXRoX3VzZXJfaWQiOiIyIn0=','2016-10-08 07:29:01');
/*!40000 ALTER TABLE `django_session` ENABLE KEYS */;
UNLOCK TABLES;

--
-- Table structure for table `event_allotment_eventparticipant`
--

DROP TABLE IF EXISTS `event_allotment_eventparticipant`;
/*!40101 SET @saved_cs_client     = @@character_set_client */;
/*!40101 SET character_set_client = utf8 */;
CREATE TABLE `event_allotment_eventparticipant` (
  `id` int(11) NOT NULL AUTO_INCREMENT,
  `p_name` varchar(200) NOT NULL,
  `p_code` varchar(200) NOT NULL,
  `p_designation` varchar(200) NOT NULL,
  `p_ps` varchar(30) NOT NULL,
  `p_contact` varchar(200) NOT NULL,
  `p_event_id` varchar(200) NOT NULL,
  `p_pp_id` varchar(200) NOT NULL,
  PRIMARY KEY (`id`)
) ENGINE=InnoDB AUTO_INCREMENT=891 DEFAULT CHARSET=latin1;
/*!40101 SET character_set_client = @saved_cs_client */;

--
-- Dumping data for table `event_allotment_eventparticipant`
--

LOCK TABLES `event_allotment_eventparticipant` WRITE;
/*!40000 ALTER TABLE `event_allotment_eventparticipant` DISABLE KEYS */;
INSERT INTO `event_allotment_eventparticipant` VALUES (1,'Balarami Reddy','309','DSP','Pulivendula(U)','879','1','4'),(2,'Malla Reddy','878','CI','Pulivendula(U)','87','1','1'),(3,'Ramakrishna Reddy','878','SI','Proddatur(II)','898','1',''),(4,'Mahesh Kumar','8887','SI','Proddatur(II)','878','1',''),(5,'Venkateswarlu','989','SI','Proddatur(II)','878','1',''),(6,'Chandra Naik','898','PC','Proddatur(II)','878','1','2'),(7,'Mallikarjuna Reddy','888','HC','Proddatur(II)','8798','1','2'),(8,'Savitha','8987','WPC','Proddatur(II)','9898','1','1'),(9,'Pujitha Neelam','8787','WASI','Proddatur(II)','8787','1','1'),(10,'Smitha Sabrawal','879','WHC','Ka','87878','1','1'),(11,'Hemanth','8787','PC','Proddatur(II)','878','1',''),(12,'Maheswara Reddy','98778','CI','Proddatur(III)','8787','1',''),(13,'P. KHAJAPEER','1177','HC','Proddatur Rural PS','9490765827','2','46'),(14,'S. SANKAR RAO','1068','ASI','Proddatur Rural PS','9949058996','2','50'),(15,'M. RAJA REDDY','1097','ASI','PRODDATUR RURAL P.S.','9441275574','2','5'),(16,'T. SANJEEVA REDDY','54','SI','RAJUPALEM PS','9440796942','2','50'),(17,'S.A. RAHIMAN','291','ASI','PRODDATUR I TOWN PS','9440972568','2','46'),(18,'N V NARASAIAH','487','ASI','PRODDATUR TRAFFIC','9440305484','2','39'),(19,'T V NARASIMHULU','1168','HC','PRODDATUR TRAFFIC','9441403255','2','41'),(20,'C. CHALAPATH','32','SI','PRODDATUR (R)','9440796941','2','19'),(21,'M.RAJA REDDY','1097','ASI','PRODDATUR (R)','9441275574','2','5'),(22,'G. GANGANNA','1697','ASI','PRODDATUR (R)','9989468643','2','6'),(23,'M. KAMESWAR REDDY','1764','HC','PRODDATUR (R)','9498976198','2','5'),(24,'A. VIJAY KUMAR','2048','PC','PRODDATUR (R) PS','9704445446','2','6'),(25,'P. VENKATESWARLU','2928','PC','PRODDATUR (R) PS','9441190961','2','5'),(26,'P. MAHESH','36','SI','PRODDATUR III TOWN','9440796939','2','42'),(27,'S. SIVA MALLIKARJUNA','2680','PC','PRODDATUR (R) PS','9550407290','2','5'),(28,'G. LAKSHMANA RAO','2541','PC','PRODDATUR (R) PS','9985936696','2','5'),(29,'K. PANDU RANGA','197','SI','PRODDATUR III TOWN','9963491004','2','17'),(30,'B. RAMANJULU','2819','PC','PRODDATUR (R) PS','9703887188','2','5'),(31,'S. CHENCHAIAH','2688','PC','PRODDATUR (R) PS','9704210676','2','5'),(32,'U. RAJA GOPAL REDDY','1078','ASI','PRODDATUR III TOWN','9491101689','2','19'),(33,'T. GURU SEKHAR','212','PC','PRODDATUR (R) PS','8978252597','2','5'),(34,'P. RAMUDU','426','HC','PRODDATUR III TOWN','9441238896','2','17'),(35,'G. NAGA SUBBA REDDY','1144','HC','PRODDATUR III TOWN','9440167529','2','18'),(36,'G. GOPAL','1178','HC','PRODDATUR III TOWN','9491515647','2','46'),(37,'K.V. SUBBAIAH','1544','ASI','RAJUPALEM PS','9010665938','2','7'),(38,'K. RAMAMURTHY','1696','ASI','RAJUPALEM PS','9951724586','2','8'),(39,'P.V.R. GOPAL','259','PC','PRODDATUR III TOWN','8985542658','2','41'),(40,'J. RAVI KUMAR','1891','HC','RAJUPALEM PS','9440222883','2','9'),(41,'M. PURUSHOTHAM','690','PC','PRODDATUR III TOWN','8179486151','2','46'),(42,'P. GANGADHAR RAO','1942','HC','RAJUPALEM PS','9885128128','2','10'),(43,'B. MAHABOOB BASHA','137','PC','RAJUPALEM PS','9989467718','2','5'),(44,'P.V.POTHULURAIAH','847','PC','PRODDATUR III TOWN','9849992277','2','42'),(45,'M. SUNEEL','344','PC','RAJUPELEM PS','9440466933','2','5'),(46,'M. NAGARAJU','1009','PC','PRODDATUR III TOWN','9966719159','2','46'),(47,'C. RAJASEKHAR','550','PC','RAJUPALEM PS','7799004369','2','5'),(48,'K.C. OBULESU','2127','PC','PRODDATUR III TOWN','8897810347','2','42'),(49,'I. IMDADULLA','977','PC','RAJUPALEM PS','9494880910','2','5'),(50,'M. RAMANJANEYULU','2136','PC','PRODDATUR III TOWN','7382162700','2','46'),(51,'M. OBULESU','1912','PC','RAJUPALEM PS','9177211912','2','6'),(52,'M. ANJANEYULU','2698','PC','PRODDATUR III TOWN','7799120493','2','18'),(53,'A. BALARAMI REDDY','2138','PC','RAJUPALEM PS','9951551933','2','6'),(54,'A. NAGESWARA REDDY','2874','PC','PRODDATUR III TOWN','9494738701','2','41'),(55,'K. LAKSHMI KANTHA REDDY','2141','PC','RAJUPALEM PS','9492406107','2','6'),(56,'D. PARTHA SARADHI','2848','PC','PRODDATUR III TOWN','9052160114','2','19'),(57,'G. KAREEMULLA','2589','PC','RAJUPALEM PS','9052985141','2','6'),(58,'B.SURESH','2749','PC','PRODDATUR III TOWN','9505264223','2','42'),(59,'J. RAJA KUMAR','2630','PC','PRODDATUR III TOWN','9849542361','2','18'),(60,'P. JAGADEESH','2801','PC','RAJUPALEM PS','9177036730','2','7'),(61,'S. SURESH','2682','PC','PRODDATUR III TOWN','9000239953','2','41'),(62,'M. CHANDRA NAIK','2887','PC','PRODDATUR III TOWN','8008448825','2','49'),(63,'M.D. JAMALULLA KHAN','512','PC','PRODDATUR III TOWN','7793963646','2','41'),(64,'S.K. MAHABOOB SUBHANI','2596','PC','RAJUPALEM PS','9966635757','2','7'),(65,'A.V. CHALAPATHI','2757','PC','PRODDATUR III TOWN','9701930562','2','49'),(66,'J. SIVA SANKAR','54','SI','CHAPADU PS','9440796943','2','41'),(67,'M. LAKSHMI DEVI','278','WPC','PRODDATUR III TOWN','9492670278','2','19'),(68,'S.H. AHAMMAD','984','ASI','CHAPADU PS','8523896464','2','13'),(69,'A. SAROJA','2150','WPC','PRODDATUR III TOWN','9440313058','2','42'),(70,'S. CHANDRA SEKHAR','857','ASI','RAJUPALEM PS','8179051889','2','12'),(71,'S. MUNNEER BASHA','414','HC','RAJUPALEM PS','9177197689','2','16'),(72,'M. VIJAY KUMAR','842','PC','CHAPADU PS','9052977629','2','10'),(73,'K. RAMESH KUMAR BABU','1503','PC','RAJUPALEM PS','9963122112','2','9'),(74,'K. VENKATESWARLU','1844','PC','CHAPADU PS','9866402205','2','8'),(75,'U. RAVI KUMAR','2540','PC','CHAPADU PS','8297917957','2','10'),(76,'K. SUBBAIAH','3111','PC','CHAPADU PS','9949830873','2','20'),(77,'G. OBULESU','5556','CI','PRODDATUR(R) CIRCLE','9440796940','2','50'),(78,'G.MD. BASHA','234','SI','PRODDATUR (R) PS','9441401714','2','5'),(79,'U B L PRASAD','1121','ASI','PRODDATUR TRAFFIC','9985110199','2','46'),(80,'S CH PULLAIAH','1111','HC','PRODDATUR TRAFFIC','9441287936','2','41'),(81,'B CHANDRA NAIK','1716','HC','PRODDATUR TRAFFIC','9948851153','2','41'),(82,'P SUDHAKAR','715','PC','PRODDATUR TRAFFIC','7396288228','2','9'),(83,'B MANOHAR','974','PC','PRODDATUR TRAFFIC','9866806946','2','10'),(84,'D V L KUMAR','1117','PC','PRODDATUR TRAFFIC','9652399862','2','17'),(85,'A SUMANTH','1278','PC','PRODDATUR TRAFFIC','8331025109','2','18'),(86,'B YESHWANTH KUMAR','1033','PC','PRODDATUR TRAFFIC','7093250260','2','37'),(87,'R BALAYESU','1759','PC','PRODDATUR TRAFFIC','9491937745','2','38'),(88,'S CHANDRA','3031','PC','PRODDATUR TRAFFIC','9490038446','2','39'),(89,'A DAMODAR','2510','PC','PRODDATUR TRAFFIC','9966224832','2','40'),(90,'M LINGAMAIAH','3056','PC','PRODDATUR TRAFFIC','9247255125','2','40'),(91,'D CHANDRA SEKHAR','1970','PC','PRODDATUR TRAFFIC','9491354486','2','41'),(92,'M SIDDA REDDY','2563','PC','PRODDATUR TRAFFIC','8008620228','2','41'),(93,'D SURYA NARAYANA','2543','PC','PRODDATUR TRAFFIC','8297692511','2','41'),(94,'Y NARASIMHA NAIDU','2770','PC','PRODDATUR TRAFFIC','9989838985','2','41'),(95,'N MURALI MOHAN NAIDU','2901','PC','PRODDATUR TRAFFIC','9652995306','2','49'),(96,'G DASTHAGIRI RAJU','2903','PC','PRODDATUR TRAFFIC','9491229736','2','47'),(97,'A KUMAR','3028','PC','PRODDATUR TRAFFIC','9642522988','2','47'),(98,'C VEERANNA','3026','PC','PRODDATUR TRAFFIC','9100542383','2','47'),(99,'M SUBBARAYUDU','2776','PC','PRODDATUR TRAFFIC','9177707774','2','47'),(100,'N UPENDRA','3045','PC','PRODDATUR TRAFFIC','9493447488','2','48'),(101,'P NAGESH','1327','PC','PRODDATUR TRAFFIC','9985659795','2','48'),(102,'B RAMA KRISHNA REDDY','1743','PC','PRODDATUR TRAFFIC','8008404035','2','48'),(103,'M. MANJUNATHA REDDY','70','SI','PRODDATUR II TOWN PS','9440796938','2','42'),(104,'P. ANJANEYULU','1062','SI','PRODDATUR II TOWN PS','9440281336','2','40'),(105,'S. AZMEER BASHA','1573','ASI','PRODDATUR II TOWN PS','9949829355','2','46'),(106,'T.V. RAMANA','1761','HC','PRODDATUR II TOWN PS','9441086269','2','37'),(107,'S. VASU','1939','HC','PRODDATUR II TOWN PS','9000183048','2','39'),(108,'S. IQUBAL HUSSAIN','1674','HC','PRODDATUR II TOWN PS','9440953061','2','40'),(109,'M. THIRUMALAIAH','1359','PC','PRODDATUR II TOWN PS','9985130180','2','19'),(110,'D. LAKSHMI NARAYANA','1454','PC','PRODDATUR II TOWN PS','9494608852','2','19'),(111,'P. SIVA PRASAD','1572','PC','PRODDATUR II TOWN PS','7396015787','2','37'),(112,'KHADAR BASHA','1667','PC','PRODDATUR II TOWN PS','9948717297','2','37'),(113,'G. SREENIVASULU','2884','PC','PRODDATUR II TOWN PS','9502454213','2','40'),(114,'G. RAMA CHANDRA RAJU','3105','PC','PRODDATUR II TOWN PS','9441589377','2','40'),(115,'Y. RAMESH','2891','PC','PRODDATUR II TOWN PS','8522868840','2','41'),(116,'D. DASTHAGIRI','2898','PC','PRODDATUR II TOWN PS','8897717199','2','41'),(117,'V. MUNI REDDY','1732','PC','PRODDATUR II TOWN PS','7386727401','2','41'),(118,'D.V. SUBBA REDDY','316','PC','PRODDATUR II TOWN PS','9177891139','2','49'),(119,'L. NAGA SUBBAIAH','2797','PC','PRODDATUR II TOWN PS','8501943934','2','41'),(120,'K. SUDARSHAN REDDY','1037','PC','PRODDATUR II TOWN PS','7386663690','2','49'),(121,'S. RAJASEKHAR','2892','PC','PRODDATUR II TOWN PS','9052236536','2','42'),(122,'M CHANDRA NAIK','2841','PC','PRODDATUR II TOWN PS','9493366696','2','46'),(123,'K. SUBRAMANYAM','2875','PC','PRODDATUR II TOWN PS','9949791826','2','46'),(124,'V. PRATHAPA REDDY','3021','PC','PRODATUR II TOWN PS','7396011700','2','46'),(125,'T. SIVA JYOTHI','2153','WPC','PRODDATUR II TOWN PS','8106593009','2','42'),(126,'P. KAVITHA','2175','WPC','PRODDATUR II TOWN PS','9052660176','2','19'),(127,'C. GOVINDA SWAMY','921','SI','PCR, PRODDATUR','9441552871','2','10'),(128,'P. SURESH KUMAR','1238','SI','PCR, PRODDATUR','9618630408','2','6'),(129,'S. FAYAZUDDIN','920','ASI','PCR, PRODDATUR','9908729233','2','42'),(130,'C. SUBBA RAYUDU','1295','HC','PCR, PRODDATUR','9000886957','2','49'),(131,'K. GHOUSE PEER','1900','HC','PCR, PRODDATUR','9490653338','2','41'),(132,'P. CHANDRA','531','PC','PCR, PRODDATUR','9440694980','2','43'),(133,'R. VEERA REDDY','233','PC','JAMMALAMADUGU (U) PS','9490539375','2','50'),(134,'S. KIRAN KUMAR','2130','PC','JAMMALAMADUGU (U) PS','9703991488','2','16'),(135,'B. NITYA PUJAIAH','1451','ASI','PEDDAMUDIUM PS','9441323225','2','21'),(136,'K. SUBRAMANYAM','1035','PC','MYLAVARAM PS','9491360158','2','17'),(137,'N. BHASKAR','2736','PC','MYLAVARAM PS','9100189260','2','17'),(138,'P. RANGANAYAKULU','2910','PC','MYLAVARAM','9666323926','2','21'),(139,'N. RAVINDRA NATH','626','PC','T. PATNAM PS','9000571212','2','25'),(140,'B. RAJENDRA PRASAD','2657','PC','SIMHADRIPURAM PS','9160278726','2','26'),(141,'A.A. KHALEEL','2042','PC','SIMHADRIPURAM','9440710598','2','27'),(142,'Y.R.N. REDDY','2558','PC','T. PRODDATUR PS','9553773555','2','50'),(143,'P. NARASIMHULU','2588','PC','T. PRODDATUR PS','9492111927','2','30'),(144,'M. CHANDRA MOHAN','2661','PC','THONDUR PS','8142294927','2','29'),(145,'C. SUDHAKAR','2556','PC','THONDUR PS','9959568848','2','31'),(146,'B. BALARAJU','1038','PC','MUDDANUR','8500515459','2','32'),(147,'M. NAGARAJU','2532','PC','MUDDANUR','7839467944','2','50'),(148,'M.C. VEERAIAH','1906','HC','B. MATTAM PS','9441010941','2','22'),(149,'G. KRISHNA REDDY','149','PC','MYDUKUR (U) PS','9491358439','2','44'),(150,'L. NARAYANA REDDY','2623','PC','MYDUKUR (U) PS','9985885296','2','22'),(151,'G. SIVA CHANDRA','2610','PC','MYDUKUR (U) PS','9160527179','2','23'),(152,'S.N. RIYAZ','1507','PC','MYDUKUR (U) PS','9441848967','2','24'),(153,'P. SREENIVASULU','852','PC','MYDUKUR (U) PS','9032740920','2','45'),(154,'S. LAKSHMI REDDY','303','PC','DUVVUR','9032740920','2','49'),(155,'M. SUMAN','878','PC','KHAJIPET PS','9701145024','2','12'),(156,'P. ACHAIAH','2024','PC','B. MATTAM PS','8008820680','2','11'),(157,'K. HUSSAINAIAH','1142','PC','BADVEL (R) PS','9550222110','2','13'),(158,'R. ASHOK KUMAR','2057','PC','BADVEL (U) PS','9703083849','2','50'),(159,'M. GUGUDU VALLI','2735','PC','ATLUR PS','9966790369','2','14'),(160,'Y. RAM KUMAR','2109','PC','PORUMAMILLA PS','9989742696','2','15'),(161,'P. GANGA PRASAD','2750','PC','KALASAPADU PS','9553004360','2','50'),(162,'V. MANOHAR','2839','PC','B. KODUR PS','9440725515','2','15'),(163,'B. SIVA LAKSHMI','2127','WPC','DUVVUR PS','9492119619','2','42'),(164,'P. RAVI BABU','9525','CI','KONDAPURAM CIRCLE','9440796949','2','5'),(165,'G. AMARNATH REDDY','19','SI','MYLAVARAM PS','9440796947','2','41'),(166,'I. SUDHAKAR REDDY','9233','CI','PRODDATUR (U) CIRCLE','9440796937','2','42'),(167,'PA KULAYAPPA','161','ASI','PRODDATUR U/G PS','9703225977','2','23'),(168,'K CHINNA PEDDAIAH','93','SI','PRODDATUR U/G PS','9502628001','2','23'),(169,'S V PRATHAP','1021','ASI','PRODDATUR U/G PS','944186755','2','43'),(170,'PUJITHA NEELAM','5514','DSP','PDTR SUB DIVISION','9440796935','2','42'),(171,'A V RAJAMANI','411','WHC','PRODDATUR U/G PS','9491943156','2','42'),(172,'P RAMACHANDRUDU','1028','HC','PRODDATUR U/G PS','9441985297','2','28'),(173,'M RAMESH','1335','HC','PRODDATUR U/G PS','9492407122','2','34'),(174,'C SRINIVASULU','2696','PC','PRODDATUR U/G PS','9550273017','2','19'),(175,'R CHANDRA','2738','PC','PRODDATUR U/G PS','9963170720','2','19'),(176,'T BHASKAR','2883','WPC','PRODDATUR U/G PS','9985606891','2','46'),(177,'S BALAJI','2919','PC','PRODDATUR U/G PS','9963092919','2','23'),(178,'M CHANDRA NAIK','394','PC','PRODDATUR U/G PS','8341854044','2','28'),(179,'S VENKATESWARLU NAIK','3115','PC','PRODDATUR U/G PS','7893678251','2','33'),(180,'P OBULESU','1197','PC','PRODDATUR U/G PS','9177769587','2','46'),(181,'K MASTHAN VALLI','200','PC','PRODDATUR U/G PS','9849974694','2','34'),(182,'YS MADHAVA REDDY','1372','PC','PRODDATUR U/G PS','9985623540','2','49'),(183,'B SIVA NAGI REDDY','2294','PC','PRODDATUR U/G PS','9866844265','2','35'),(184,'P CHINNA SUBBAIAH','440','PC','PRODDATUR U/G PS','9490633626','2','46'),(185,'C R SUBBARAYUDU','2702','PC','PRODDATUR U/G PS','9985311749','2','46'),(186,'N SIMHA RAYDU','592','PC','PRODDATUR U/G PS','9618787625','2','36'),(187,'P SATHYA NARAYANA','990','PC','PRODDATUR U/G PS','8523835630','2','38'),(188,'T MALLIKHARJUNA REDDY','1565','PC','PRODDATUR U/G PS','9440727856','2','39'),(189,'S SHAFIULLAH','2751','PC','PRODDATUR U/G PS','9666295330','2','42'),(190,'S V SUBBAIAH','1496','PC','PRODDATUR U/G PS','9493439594','2','42'),(191,'G VEERESWAR REDDY','667','PC','PRODDATUR U/G PS','9885120156','2','46'),(192,'R LAKSHMI PRASANNA','255','WPC','PRODDATUR U/G PS','8341187684','2','43'),(193,'G BHARATHI','258','WPC','PRODDATUR U/G PS','9703025332','2','42'),(194,'T BHSAKAR','2883','PC','PRODDATUR U/G PS','9985606891','2','42'),(195,'K. ANJANEYULU','1896','PC','JAMMALAMADUGU U PS','9059528818','2','49'),(196,'D. DAJANDRA REDDY','1317','PC','T. PRODDATUR PS','0000000000','2','49'),(197,'MALLIKARJUNA','2662','PC','MUDDANUR PS','0000000000','2','49'),(198,'Mr','2018','PC','KALASAPADU','0000000000','2','49'),(199,'T.V.SATYANARAYANA','5563','CI','DSB','9440796984','3','51'),(200,'madhusudhan','33','PC','pcr','9345987654','3',''),(201,'ramana','45','PC','proddatur i town','98888888888','3',''),(202,'T.V.SATYANARAYANA','5563','SI','Duvvur P.S.','9440796984','4','53'),(203,'K.Prasad','CI','CI','Pulivendula U/G P.S.','9440796925','5','55'),(204,'T.Sarkar','1111','DSP','J. Madugu U/G P.S.','9440796944','5','55'),(205,'B.Murali','123','CI','J. Madugu U/G P.S.','9440796946','5','55'),(206,'S.Miah','12','SI','J. Madugu U/G P.S.','9440305793','5',''),(207,'G.Amarnath Reddy','1144','SI','Mylavaram P.S.','9440796947','5',''),(208,'P.Ramakrishnudu','Ci','CI','Pulivendula U/G P.S.','9440796924','5',''),(209,'B.Pedda Obanna','156','SI','Peddamudiam P.S.','9440796988','5',''),(210,'P.Ravi Kumar','SS','SI','Kondapuram P.S.','9440796950','5',''),(211,'P.Hanumanthu','11','SI','Simhadripuram P.S.','9440796978','5',''),(212,'S.Srinivasulu','1562','SI','Thondur P.S.','9440901813','5',''),(213,'J. Siva Sankar','1387','HC','J. Madugu U/G P.S.','9949645974','5',''),(214,'S. Ismail','1577','HC','J. Madugu U/G P.S.','9959356276','5',''),(215,'M. Bhushanam','1765','HC','J. Madugu U/G P.S.','9866179765','5',''),(216,'K.Pullaiah','CI','CI','L.R Palli P.S.','9440796991','5',''),(217,'J.Venkataiah','1310','ASI','Peddamudiam P.S.','9440742759','5','55'),(218,'N.Prabhakar','ci','CI','Rayachoty U/G P.S.','9440796929','5',''),(219,'N.Madhusudan Reddy','131','ASI','Mylavaram P.S.','9440429201','5','55'),(220,'R. Sai Prasad','1004','ASI','Mylavaram P.S.','9966597472','5','55'),(221,'M.Anil Kumar','SI','SI','Pulivendula U/G P.S.','9292403084','5','55'),(222,'M.Narendra Kumar','SI','SI','Vemula P.S.','9440796927','5','55'),(223,'P.Ravi Chandra','1922','ASI','Mylavaram P.S.','8106468443','5','55'),(224,'S.Mastan Basha','SI','SI','R.K. Valley P.S.','9493548234','5','55'),(225,'P.V.Subbaiah','266','HC','Mylavaram P.S.','9490666266','5',''),(226,'B.Rajaprabhakar','SI','SI','L.R Palli P.S.','9440796971','5','55'),(227,'D.Sreenivasulu','1041','HC','T. Patnam P.S.','9440507625','5',''),(228,'A.Govinda Reddy','SI','SI','Chakrayapet P.S.','9440796970','5','55'),(229,'M.Satyanarayana','SI','SI','Chinnamandem P.S.','9440901809','5',''),(230,'G.Jayaramaiah','1933','HC','T. Patnam P.S.','9703163454','5',''),(231,'S.Hasam','SI','SI','Sambepalli P.S.','9440796952','5',''),(232,'G.S.Venkataiah','870','ASI','T. Proddatur P.S.','9985988697','5','55'),(233,'M.Madhu Sudhan Reddy','SI','SI','T. Sundupalli P.S.','9440901806','5',''),(234,'K.J.V.Prasad','1337','ASI','T. Proddatur P.S.','9885636866','5','55'),(235,'P.Brahmaiah','1430','ASI','Thondur P.S.','7675904137','5','55'),(236,'C.V.Ramanaiah','1680','ASI','Thondur P.S.','9440883315','5','55'),(237,'G. Murali Mohan Raju','ASI 170','ASI','Pulivendula U/G P.S.','9441683140','5','55'),(238,'P.Khadar Basha','620','HC','T. Proddatur P.S.','9985285925','5',''),(239,'N.Nagaraju','HC 193','HC','Pulivendula U/G P.S.','9704627136','5',''),(240,'M.Siddeswaraiah','1384','HC','Kondapuram P.S.','9704354486','5',''),(241,'P.Nagaraju','2039','HC','Kondapuram P.S.','9059443429','5',''),(242,'M.Chandra sekhar reddy','HC 275','HC','Pulivendula U/G P.S.','9440304459','5',''),(243,'V.Suresh naidu','1075','HC','Simhadripuram P.S.','9703775288','5',''),(244,'C.Anjaneyulu','HC 610','HC','Pulivendula U/G P.S.','9908599702','5',''),(245,'G.Ramakrishna Reddy','1785','HC','Simhadripuram P.S.','9440647548','5',''),(246,'C.Gurrappa Yadav','HC 1265','HC','Pulivendula U/G P.S.','9440094128','5',''),(247,'K.Bhaskar Rao','1988','HC','Simhadripuram P.S.','8897037079','5',''),(248,'C. Sreenivasulu','1233','HC','Thondur P.S.','9440311830','5',''),(249,'S.Subbanna','930','HC','Muddanur P.S.','9440570599','5',''),(250,'B.Ravi Kumar Naik','HC 1642','HC','Pulivendula U/G P.S.','9440467368','5',''),(251,'G.Sreenivasulu','571','PC','J. Madugu U/G P.S.','9966340997','5','55'),(252,'S.M.Doula','708','PC','J. Madugu U/G P.S.','8143507619','5','55'),(253,'U.Anjaneyulu','HC 1775','HC','Pulivendula U/G P.S.','9704798123','5',''),(254,'K. Ramesh Kumar','1120','PC','J. Madugu U/G P.S.','9573049628','5','55'),(255,'C. Surendra','1176','PC','J. Madugu U/G P.S.','8897375441','5','55'),(256,'N.Ramanjaneyulu','HC 1267','HC','Pulivendula Tr., P.S.','9440695109','5',''),(257,'A.Mallikarjuna Rao','HC 1598','HC','Pulivendula Tr., P.S.','9704027699','5',''),(258,'D.Jamal Saheb','ASI 608','ASI','Lingala P.S.','9440384100','5','55'),(259,'G. Mallikarjuna','1481','PC','J. Madugu U/G P.S.','9492374062','5','55'),(260,'N.Konda Reddy','HC 554','HC','Vemula P.S.','9440695352','5',''),(261,'S. Magbool Basha','1656','PC','J. Madugu U/G P.S.','8143507009','5','55'),(262,'S.Kondaiah','1836','PC','J. Madugu U/G P.S.','9885398011','5','55'),(263,'K.C.H.V.R. Reddy','1590','PC','J. Madugu U/G P.S.','9441208381','5','55'),(264,'J. Rama Mohan','2067','PC','J. Madugu U/G P.S.','9885323085','5','55'),(265,'G.V. Subbaiah','Pc 2116','PC','J. Madugu U/G P.S.','8179920326','5','55'),(266,'P. Gangaraju','PC 2577','PC','J. Madugu U/G P.S.','9985931128','5','55'),(267,'S. Obulesu','PC 2608','PC','J. Madugu U/G P.S.','9642169165','5','55'),(268,'A.Haji Basha','HC 1252','HC','Vemula P.S.','9618245998','5',''),(269,'D.V. Sudhakar Yadav','PC 2855','PC','J. Madugu U/G P.S.','9866927259','5','55'),(270,'A. Sreekanth','Pc 2890','PC','J. Madugu U/G P.S.','9966660617','5','55'),(271,'K.Raja Reddy','HC 1208','HC','Vemula P.S.','9440024209','5',''),(272,'B. Salmon','Pc 2902','PC','J. Madugu U/G P.S.','9908946697','5','55'),(273,'P. Subramanyam','PC 2942','PC','J. Madugu U/G P.S.','9440246118','5','55'),(274,'V.V.Narayana','ASI 1366','ASI','Vempalli P.S.','9490079159','5',''),(275,'P.Ravi Babu','PC-671','PC','J. Madugu U/G P.S.','9705349123','5','55'),(276,'K.V.Chalapathi','ASI 1259','ASI','Vempalli P.S.','9490714600','5',''),(277,'R.Veera Reddy','PC-233','PC','J. Madugu U/G P.S.','9490539375','5','55'),(278,'C.Balaiah','HC 1929','HC','Vempalli P.S.','9440467286','5',''),(279,'S.Ramesh','PC.2602','PC','J. Madugu U/G P.S.','9704461682','5',''),(280,'K.Nagendra Babu','ASI 1331','ASI','R.K. Valley P.S.','9502901983','5',''),(281,'P.Mallikarjuna','PC.2718','PC','Peddamudiam P.S.','9885340057','5',''),(282,'M.Keshava raju','HC 989','HC','L.R Palli P.S.','9959009132','5',''),(283,'P.Pavan Kumar Reddy','PC.1024','PC','Peddamudiam P.S.','9493035317','5',''),(284,'P.S.Raj Kumar','ASI 1450','ASI','Ramapuram P.S.','9866821712','5',''),(285,'P. Sekhar','PC.796','PC','Peddamudiam P.S.','9985461015','5',''),(286,'E.Venkataiah','ASI 1714','ASI','Ramapuram P.S.','9908883669','5',''),(287,'B.Prabhakar','PC 1601','PC','Peddamudiam P.S.','9492506634','5',''),(288,'D.Dasharadha','PC 817','PC','Peddamudiam P.S.','PC 817','5',''),(289,'I.Jagan Naik','HC 1954','HC','Ramapuram P.S.','9849753440','5',''),(290,'T.Venkata Swamy','HC 1895','HC','Ramapuram P.S.','9440430015','5',''),(291,'I.J. Anil Kumar','PC.1229','PC','Peddamudiam P.S.','8978255986','5',''),(292,'P.Nagaraju','HC 1248','HC','Ramapuram P.S.','9441046977','5',''),(293,'K.V.Subba Raju','HC 1324','HC','Ramapuram P.S.','9700450575','5',''),(294,'V.V.N Reddy','PC 1689','PC','Mylavaram P.S.','9989773326','5',''),(295,'P.V.Amar Kumar','HC 1932','HC','Galiveedu P.S.','9885967388','5',''),(296,'B.Murali','PC.855','PC','Mylavaram P.S.','9440866579','5',''),(297,'K.Guru Mohan','PC.2560','PC','Mylavaram P.S.','9701656035','5',''),(298,'J.Satyanarayana','HC 1104','HC','Galiveedu P.S.','8500231167','5',''),(299,'P.Bhaskar Reddy','PC.2569','PC','Mylavaram P.S.','9966826386','5',''),(300,'M.V.Subbaraja','PC.2827','PC','Mylavaram P.S.','9493350867','5',''),(301,'M.Lakshminarayana','HC 1180','HC','Chakrayapet P.S.','9701145009','5',''),(302,'S.Nawaz','PC.2835','PC','Mylavaram P.S.','9441131804','5',''),(303,'P.Ranganayakulu','PC.2910','PC','Mylavaram P.S.','9666323926Q','5',''),(304,'C.Mastanaiah','HC 1155','HC','Chinnamandem P.S.','9866036620','5',''),(305,'K.Subramanyam','PC.1035','PC','Mylavaram P.S.','9491360158','5',''),(306,'K.B.Nageswara Rao','HC 1388','HC','Chinnamandem P.S.','9440826191','5',''),(307,'T.Ramesh','PC.964','PC','Mylavaram P.S.','9441106988','5',''),(308,'N. Bhashkar','PC-2736','PC','Mylavaram P.S.','9100189260','5',''),(309,'S.Ratna Raju','HC 482','HC','Sambepalli P.S.','9550723629','5',''),(310,'E.Lakshmi Narayana','PC.1399','PC','T. Patnam P.S.','9885702502','5',''),(311,'G.Sreenivasulu','HC 1254','HC','Sambepalli P.S.','9440678533','5',''),(312,'C.Ramesh','PC.2604','PC','T. Patnam P.S.','9701069597','5',''),(313,'T.Chandrasekhar','HC 1210','HC','Sambepalli P.S.','9618355082','5',''),(314,'M.V.Subba Reddy','PC.2629','PC','T. Patnam P.S.','9000697482','5',''),(315,'V.Ramesh Babu','HC 1724','HC','Sambepalli P.S.','9704933943','5',''),(316,'M.Siva shankar','ASI 953','ASI','T. Sundupalli P.S.','9440251205','5',''),(317,'V.T.Narasimha Reddy','PC.2822','PC','T. Patnam P.S.','9440235480','5',''),(318,'P.Anjaneyulu','HC 437','HC','T. Sundupalli P.S.','9848854349','5',''),(319,'S.P. Reddaiah Raju','2093','PC','T. Patnam P.S.','9440094031','5',''),(320,'B. Venkara Chaitanya','3043','PC','T. Patnam P.S.','7842552655','5',''),(321,'S.Khadar valli','HC 1257','HC','T. Sundupalli P.S.','9440145644','5',''),(322,'P.Sudhakar','PC 2113','PC','T. Patnam P.S.','9441577053','5',''),(323,'N.Ravindranath','PC.626','PC','T. Patnam P.S.','9000571212','5',''),(324,'S.Joseph','HC 1291','HC','T. Sundupalli P.S.','9866033904','5',''),(325,'P.Srenivasulu','PC 1134','PC','Kondapuram P.S.','9703402273','5',''),(326,'Venkateswarlu','HC 1725','HC','T. Sundupalli P.S.','9908145595','5',''),(327,'P.Venkata Ramana','PC 1314','PC','Kondapuram P.S.','9441222530','5',''),(328,'B.Anjaneyula Naik','PC 1398','PC','Kondapuram P.S.','9676670359','5',''),(329,'G.Nagendra','PC 1594','PC','Kondapuram P.S.','9652530347','5',''),(330,'K.Rajagopal Reddy','ASI 1635','ASI','Veeraballi P.S.','9440094352','5',''),(331,'P.Venkata Subbaiah','PC 1710','PC','Kondapuram P.S.','9703489736','5',''),(332,'R.V.Ramana','HC 1978','HC','Veeraballi P.S.','9000855616','5',''),(333,'V.Rama Krishna','PC 1968','PC','Kondapuram P.S.','9966105453','5',''),(334,'N.Venkatesh','PC 2077','PC','Kondapuram P.S.','8897061360','5',''),(335,'S.Noor Mahammad','PC 2536','PC','Kondapuram P.S.','9949791992','5',''),(336,'P.Ravi','PC 2557','PC','Kondapuram P.S.','9160616680','5',''),(337,'S.Bhaskar','PC 913','PC','Simhadripuram P.S.','9704810842','5',''),(338,'P.Venkata Subbaiah','PC 1475','PC','Simhadripuram P.S.','9441010922','5',''),(339,'S.Alendi','HC 735','HC','Veeraballi P.S.','9441522295','5',''),(340,'S.Abdul Khaleel','PC 2042','PC','Simhadripuram P.S.','9440710598','5',''),(341,'S.P.Syad Hussain','PC 2045','PC','Simhadripuram P.S.','9866510848','5',''),(342,'K.V.Ramana','PC 2132','PC','Simhadripuram P.S.','9963281060','5',''),(343,'B.R.Reddy','PC 2139','PC','Simhadripuram P.S.','8142183802','5',''),(344,'K.Pedda Reddy','PC 942','PC','Simhadripuram P.S.','7382161544','5',''),(345,'M.Bhaskar','PC 2803','PC','Simhadripuram P.S.','9581422383','5',''),(346,'N. Yepren','PC 1361','PC','T. Proddatur P.S.','9553816512','5',''),(347,'C.Jagan Mohan Rao','PC 533','PC','Pulivendula U/G P.S.','9440023513','5',''),(348,'P.Dajendra Reddy','PC-1317','PC','T. Proddatur P.S.','7675883251','5',''),(349,'A.Arifulla','A.Arifulla','PC','T. Proddatur P.S.','9966462303','5',''),(350,'A.Bhanupratap Reddy','PC 695','PC','Pulivendula U/G P.S.','8186866158','5',''),(351,'P.Narasimhulu','PC-2588','PC','T. Proddatur P.S.','9492111972','5',''),(352,'C.Dhananjaneya','PC 742','PC','Pulivendula U/G P.S.','9951188173','5',''),(353,'Y.R.N. Reddy','PC-2558','PC','T. Proddatur P.S.','9553773555','5',''),(354,'K.Pedda Obulesu','PC-1240','PC','T. Proddatur P.S.','8985460487','5',''),(355,'E.Ravi Kumar Naik','PC 748','PC','Pulivendula U/G P.S.','9949775270','5',''),(356,'V.Sreenatha Reddy','PC-2821','PC','T. Proddatur P.S.','9441156589','5',''),(357,'V.Sreenivasulu','PC-2582','PC','T. Proddatur P.S.','9849805587','5',''),(358,'B.Najeer Basha','PC 750','PC','Pulivendula U/G P.S.','8985260003','5',''),(359,'C. Sudhakar','PC-2556','PC','Thondur P.S.','9959568848','5',''),(360,'S.Sreekanth','PC 757','PC','Pulivendula U/G P.S.','9985333163','5',''),(361,'M. Chandra Mohan','PC-2661','PC','Thondur P.S.','8142294927','5',''),(362,'B.Sreedhar','PC 1006','PC','Pulivendula U/G P.S.','8989323855','5',''),(363,'K.Madhava Reddy','PC-2836','PC','Thondur P.S.','9666253502','5',''),(364,'B.Sivananda','PC-3055','PC','Thondur P.S.','9493639430','5',''),(365,'P.H.Vijaya Rahul','PC-896','PC','Thondur P.S.','9573625723','5',''),(366,'D.Pratap','PC 1297','PC','Pulivendula U/G P.S.','9542088255','5',''),(367,'B.V.Prasad Reddy','PC-898','PC','Thondur P.S.','9849722354','5',''),(368,'J.M.Iliyas','PC-938','PC','Thondur P.S.','9491626628','5',''),(369,'K Sudhakar','PC-1221','PC','Thondur P.S.','9966602247','5',''),(370,'D.Suresh Babu','PC-2051','PC','Thondur P.S.','9704679964','5',''),(371,'K.Kiran Kumar','PC 1449','PC','Pulivendula U/G P.S.','9929929400','5',''),(372,'P.Chinna Valli','PC-1034','PC','Thondur P.S.','9985678075','5',''),(373,'O.Nayab Rasool','PC-3049','PC','Thondur P.S.','9492700021','5',''),(374,'C.Nagasesha Reddy','PC 1568','PC','Pulivendula U/G P.S.','9493220542','5',''),(375,'B.Naga Vamshi','PC 1014','PC','Muddanur P.S.','9492587512','5',''),(376,'U.Rammohan','PC 1909','PC','Pulivendula U/G P.S.','9985865724','5',''),(377,'G. Munindra','PC 834','PC','Muddanur P.S.','9704898331','5',''),(378,'M V. Krishna','PC 2086','PC','Muddanur P.S.','9866867452','5',''),(379,'O.P. Mallikarjuna','PC 2662','PC','Muddanur P.S.','8179240662','5',''),(380,'K.Veera Sekhar','PC 2611','PC','Muddanur P.S.','9912930520','5',''),(381,'M.Subba Rayudu','PC 2069','PC','Pulivendula U/G P.S.','8523852308','5',''),(382,'K.Bhgavanamma','WHC-391','WHC','Kondapuram P.S.','9490122364','5',''),(383,'P.Sujitha','WPC-2152','WPC','T. Patnam P.S.','9491260190','5',''),(384,'K.Divya Bharathi','WPC-2168','WPC','Thondur P.S.','9966771985','5',''),(385,'Sri. M.BAKTHAVATSALAM','222','DSP','Kadapa Traffic P.S.','9440796982','5',''),(386,'SRI SAILAM REDDY','RSI','SI','DAR, Kadapa.','9440901801','5',''),(387,'A. VEDA NAYAKAM','1502','ASI','Kadapa Traffic P.S.','9441792904','5',''),(388,'M. PUSHPA RAJU','ASI-1646','ASI','Kadapa Traffic P.S.','8106856891','5',''),(389,'Y.V.RAMANAIAH','HC -397','HC','Kadapa Traffic P.S.','94415 02171','5',''),(390,'T.V.SUBAIAH','HC-650','HC','Kadapa Traffic P.S.','99590 08928','5',''),(391,'G. KRISHNAIAH','HC  -1453','HC','Kadapa Traffic P.S.','9441403158','5',''),(392,'C. V. KONDA REDY','PC-362','PC','Kadapa Traffic P.S.','98669 99773','5',''),(393,'Anjaneyulu','PC-379','PC','Kadapa Traffic P.S.','7396379379','5',''),(394,'A. SURESH BABU','PC-892','PC','Kadapa Traffic P.S.','7861999284','5',''),(395,'D. DURGANATH','PC-1533','PC','Kadapa Traffic P.S.','8019877536','5',''),(396,'S. Suresh Rao','PC-1719','PC','Kadapa Traffic P.S.','8523839429','5',''),(397,'Krishna Naik','PC-1886','PC','Kadapa Traffic P.S.','9966028920','5',''),(398,'V.S.G.K.Reddy','PC 2108','PC','Pulivendula U/G P.S.','9885386637','5',''),(399,'V. Venkata Subbaiah','PC-1997','PC','Kadapa Traffic P.S.','9491516241','5',''),(400,'S. SREENIVASULU','PC -2046','PC','Kadapa Traffic P.S.','94405 34399','5',''),(401,'T. PRAVEEN KUMAR','PC-2060','PC','Kadapa Traffic P.S.','84639 62639','5',''),(402,'B. CHINNA POLAIAH','PC.2544','PC','Kadapa Traffic P.S.','94935 90322','5',''),(403,'AMARNATH','PC 2572','PC','Kadapa Traffic P.S.','9493454705','5',''),(404,'V.RAMESH.','PC. 2840','PC','Kadapa Traffic P.S.','96527 42824','5',''),(405,'J. Prasad Raju','PC-2886','PC','Kadapa Traffic P.S.','9502560720','5',''),(406,'T. KAMALAKAR','PC - 2940','PC','Kadapa Traffic P.S.','99852 43463','5',''),(407,'M. RAJU','PC-3114','PC','Kadapa Traffic P.S.','73867 92871','5',''),(408,'E.Shankar Naik','PC 2380','PC','Pulivendula U/G P.S.','9618313089','5',''),(409,'T.V.Ramana','PC 2387','PC','Pulivendula U/G P.S.','8330950035','5',''),(410,'P.L.V.Shiva Kumar','PC 2422','PC','Pulivendula U/G P.S.','7661000371','5',''),(411,'M.Subramanyam','PC 2537','PC','Pulivendula U/G P.S.','9000865052','5',''),(412,'T.Dada Hayath','PC 2597','PC','Pulivendula U/G P.S.','9652256615','5',''),(413,'R.V.Subramanyam','PC 2779','PC','Pulivendula U/G P.S.','9492902779','5',''),(414,'V.Chandra Sekhar','PC 2805','PC','Pulivendula U/G P.S.','8142119872','5',''),(415,'G.BalaObulesu','PC 2837','PC','Pulivendula U/G P.S.','9493832942','5',''),(416,'B.Sreeramulu','PC 2856','PC','Pulivendula U/G P.S.','9440355972','5',''),(417,'R.Vasudevan','DSP','DSP','Women U/G P.S.','9440796909','5',''),(418,'P.Indira','WSI 436','WSI','Women U/G P.S.','9912634845','5',''),(419,'M.Santhamma','WSI- 485','WSI','Women U/G P.S.','9440242221','5',''),(420,'G.Raghavendra Reddy','PC 2912','PC','Pulivendula U/G P.S.','9441105291','5',''),(421,'A.S.N.Kumar','ASI-1344','ASI','Women U/G P.S.','9440246029','5',''),(422,'C.AnwarBasha','HC 471','HC','Women U/G P.S.','9491424557','5',''),(423,'B. Madhusudhan','PC 263','PC','Women U/G P.S.','8096800263','5',''),(424,'P.SivaSankar','PC 530','PC','Women U/G P.S.','9440353938','5',''),(425,'S.HussainValli','PC.1153','PC','Women U/G P.S.','9703009307','5',''),(426,'K.Sreenivasulu','PC 1382','PC','Women U/G P.S.','9703747370','5',''),(427,'B.Sreenath Reddy','PC 351','PC','Pulivendula Tr., P.S.','7075145009','5',''),(428,'M.SankarNaik','PC 1477','PC','Women U/G P.S.','9440988897','5',''),(429,'M.ApsarAhammed','PC 1798','PC','Women U/G P.S.','9849393789','5',''),(430,'C.VijayendraRedddy','PC 1835','PC','Women U/G P.S.','9849896901','5',''),(431,'G.Praveen Raj','PC 903','PC','Pulivendula Tr., P.S.','7702965903','5',''),(432,'N.RajaSekhar','PC 3029','PC','Women U/G P.S.','9160229945','5',''),(433,'A.S.Ramakrishna','PC 1964','PC','Women U/G P.S.','9912740127','5',''),(434,'A.Praveen Kumar','PC 2539','PC','Pulivendula Tr., P.S.','9642578719','5',''),(435,'K.Sumalatha','WPC-3066','WPC','Women U/G P.S.','9642667419','5',''),(436,'D.Ramanjaneyulu','PC 2603','PC','Pulivendula Tr., P.S.','9603124894','5',''),(437,'P.Ashok Kumar','PC 2639','PC','Pulivendula Tr., P.S.','9642670844','5',''),(438,'P.HariKrishna','PC 2742','PC','Pulivendula Tr., P.S.','8179588671','5',''),(439,'D.GuruMabu','PC 2885','PC','Pulivendula Tr., P.S.','9705544538','5',''),(440,'N.Darbaraiah','PC 2930','PC','Pulivendula Tr., P.S.','9491771026','5',''),(441,'K.NarasimhaReddy','PC 2766','PC','Lingala P.S.','7893996708','5',''),(442,'O.Narasimha Raju','PC 196','PC','Lingala P.S.','9573297910','5',''),(443,'M.Ghousulazam','PC 2594','PC','Lingala P.S.','9709010786','5',''),(444,'S.C.Naganna','PC 2888','PC','Lingala P.S.','9573222641','5',''),(445,'A.Jayachandra','PC421','PC','Vemula P.S.','9866718924','5',''),(446,'N.Muni reddy','PC 696','PC','Vemula P.S.','8790218845','5',''),(447,'B.Babu Rajendra Prasad','PC 1595','PC','Vemula P.S.','9493086449','5',''),(448,'M.Anil Kumar','PC 2101','PC','Vemula P.S.','9440239661','5',''),(449,'L.Samule','PC 2574','PC','Vemula P.S.','9985599091','5',''),(450,'V.Mastan Valli','PC 2642','PC','Vemula P.S.','9985600988','5',''),(451,'S.Karuna Sagar','PC 2904','PC','Vemula P.S.','9493864298','5',''),(452,'K.Prasad','34','CI','Pulivendula U/G P.S.','9440796925','5',''),(453,'M.Gurraiah','PC 2667','PC','Vempalli P.S.','9985419821','5',''),(454,'P.Srihari Babu','PC 2948','PC','Vempalli P.S.','9866129023','5',''),(455,'G.Tirupathaiah','PC 2802','PC','Vempalli P.S.','9866442756','5',''),(456,'G.Venkata SIva','PC 2860','PC','Vempalli P.S.','9703137313','5',''),(457,'B.Veeranjaneyulu','PC 3030','PC','Vempalli P.S.','9652411738','5',''),(458,'P.Chandra Sekhar','PC 852','PC','Vempalli P.S.','8897746429','5',''),(459,'P.Ramakrishnudu','PLVD R CI','CI','Pulivendula U/G P.S.','9440796924','5',''),(460,'R.Suresh','PC 1055','PC','Vempalli P.S.','8790508025','5',''),(461,'K.Pullaiah','343','CI','L.R Palli P.S.','9440796991','5',''),(462,'C.Shiva Shakar Reddy','PC 1156','PC','Vempalli P.S.','9177557278','5',''),(463,'A.Sreenivasulu','PC 1326','PC','Vempalli P.S.','9908044969','5',''),(464,'Prabhakar','RCT R','CI','Rayachoty U/G P.S.','9440796929','5',''),(465,'A.Uday Sagar','PC 1411','PC','Vempalli P.S.','9885161716','5',''),(466,'M.Anil Kumar','si','SI','Pulivendula U/G P.S.','9292403084','5',''),(467,'M.Narendra Kumar','21','SI','Vemula P.S.','9440796927','5',''),(468,'S.Mastan Basha','345','SI','R.K. Valley P.S.','9493548234','5',''),(469,'B.Raja Prabhakar','445','SI','L.R Palli P.S.','9440796971','5',''),(470,'B.Nagendra Kumar','PC 1806','PC','Vempalli P.S.','9494947389','5',''),(471,'A.Govind Reddy','SI','SI','Chakrayapet P.S.','9440796970','5',''),(472,'M.Satyanarayana','554','SI','Chinnamandem P.S.','9440901809','5',''),(473,'S.Hasam','334','SI','Sambepalli P.S.','9440796952','5',''),(474,'M.Madhusudhana Reddy','223','SI','T. Sundupalli P.S.','9440901806','5',''),(475,'J.Sreenivasulu','PC 3040','PC','Vempalli P.S.','8331934329','5',''),(476,'B.Praveen Kumar','PC 1894','PC','Vempalli P.S.','7893925112','5',''),(477,'H.Doctor Naik','PSI-3270','SI','Vempalli P.S.','9491118126','5',''),(478,'A.Shiva chaitanya','PC 438','PC','R.K. Valley P.S.','8680969967','5',''),(479,'B. Ghana Maddileti','PSI 3268','SI','Pulivendula U/G P.S.','9100421989','5',''),(480,'B.Raja Reddy','PC 615','PC','R.K. Valley P.S.','7702935876','5',''),(481,'B.Ramanaiah','PC 1303','PC','R.K. Valley P.S.','7731010640','5',''),(482,'G. Murali Mohan Raju','ASI 170','ASI','Pulivendula U/G P.S.','9441683140','5',''),(483,'N. Nagaraju','HC 193','HC','Pulivendula U/G P.S.','9704627136','5',''),(484,'M. Chandra Sekhar Reddy','HC 275','HC','Pulivendula U/G P.S.','9440304459','5',''),(485,'C. Anjaneyulu','HC 610','HC','Pulivendula U/G P.S.','9908599702','5',''),(486,'C. Gurappa Yadav','HC 1265','HC','Pulivendula U/G P.S.','9440094128','5',''),(487,'B. Ravi Kumar Naik','HC 1642','HC','Pulivendula U/G P.S.','9440467368','5',''),(488,'U. Anjaneyulu','HC 1775','HC','Pulivendula U/G P.S.','9704798123','5',''),(489,'N.Ramanjaneyulu','HC 1267','HC','Pulivendula U/G P.S.','9440695109','5',''),(490,'A. Mallikarjuna Rao','HC 1598','HC','Pulivendula U/G P.S.','9704027699','5',''),(491,'D. Jamal Saheb','ASI.608','ASI','Lingala P.S.','9440384100','5',''),(492,'N. Konda Reddy','HC-554','HC','Vemula P.S.','9440695352','5',''),(493,'A. Haji Basha','HC-1252','HC','Vemula P.S.','9618245998','5',''),(494,'K. Raja Reddy','HC 1208','HC','Vemula P.S.','9440024209','5',''),(495,'V. V. NARAYANA','ASI1366','ASI','Vemula P.S.','9490079159','5',''),(496,'K.V Chalapathi','ASI-1259','ASI','Vemula P.S.','9490714600','5',''),(497,'K.V Chalapathi','ASI-1259','ASI','Vemula P.S.','9490714600','5',''),(498,'K. Nagendra Babu','ASI-1331','ASI','R.K. Valley P.S.','9502901983','5',''),(499,'M.KesavaRaju','HC 989','HC','L.R Palli P.S.','9959009132','5',''),(500,'P. S Raj Kumar','ASI 1450','ASI','Ramapuram P.S.','9866821712','5',''),(501,'E.Venkataiah','ASI 1714','ASI','Ramapuram P.S.','9908883669','5',''),(502,'I. Jagan Naik','HC-1954','HC','Ramapuram P.S.','9849753440','5',''),(503,'T.Venkata Swamy','HC-1895','HC','Ramapuram P.S.','9440430015','5',''),(504,'P.NagaRaju','HC-1248','HC','Ramapuram P.S.','9441046977','5',''),(505,'K.V.Subba Raju','HC-1324','HC','Ramapuram P.S.','9700450575','5',''),(506,'P.V.Amar Kumar','HC 1932','HC','Galiveedu P.S.','9885967388','5',''),(507,'J.SatyaNarayana','HC 1104','HC','Galiveedu P.S.','8500231167','5',''),(508,'M. Lakshmi Narayana','HC -1180','HC','Chakrayapet P.S.','9701145009','5',''),(509,'C.Mastanaiah','HC1155','HC','Chinnamandem P.S.','9866036620','5',''),(510,'K.B.NageswaraRao','HC 1388','HC','Chinnamandem P.S.','9440826191','5',''),(511,'Smt.  Neelam Pujitha','935','DSP','Proddatur I Town P.S.','9440796935','5',''),(512,'E.Balaswamy Reddy','ci','CI','Proddatur I Town P.S.','9440796936','5',''),(513,'S.RathnaRaju','HC-482','HC','Sambepalli P.S.','9550723629','5',''),(514,'G.Sreenivasulu','HC-1254','HC','Sambepalli P.S.','9440678533','5',''),(515,'G.Obulesu','CI','CI','Proddatur (R) P.S.','9440796940','5',''),(516,'T.ChandraSekhar','HC 1210','HC','Sambepalli P.S.','9618355082','5',''),(517,'V.RameshBabu','HC 1724','HC','Sambepalli P.S.','9704933943','5',''),(518,'M.Manjunatha Reddy','SI','SI','Proddatur 2 town P.S.','9440796938','5',''),(519,'M.SivaSankar','ASI 953','ASI','T. Sundupalli P.S.','ASI 953','5',''),(520,'A.Govinda Swamy','SI','SI','PCR, Proddatur','9441552871','5',''),(521,'P.Anjaneyulu','HC 437','HC','T. Sundupalli P.S.','9848854349','5',''),(522,'P.Suresh Kumar','SI','SI','PCR, Proddatur','9703061664','5',''),(523,'Khdarvalli','HC 1257','HC','T. Sundupalli P.S.','9440145644','5',''),(524,'G.Md. Basha','SI','SI','Proddatur (R) P.S.','9441401714','5',''),(525,'S.Joseph','HC 1291','HC','T. Sundupalli P.S.','9866033904','5',''),(526,'T.Sanjeeva Reddy','SI','SI','Rajupalem P.S.','9440796942','5',''),(527,'Venkateswarlu','HC-1725','HC','T. Sundupalli P.S.','9908145595','5',''),(528,'J.Siva Sankar','SI','SI','Chapadu P.S.','9440796943','5',''),(529,'K.Rjagopal Reddy','ASI 1635','ASI','Veeraballi P.S.','9440094352','5',''),(530,'P.A.Kullayappa','ASI-161','ASI','Proddatur I Town P.S.','9703225977','5',''),(531,'R.V.Ramana','HC 1978','HC','Veeraballi P.S.','9000855616','5',''),(532,'S.Alendi','HC-735','HC','Veeraballi P.S.','94415 22295','5',''),(533,'S.V.Pratap','ASI-1021','ASI','Proddatur I Town P.S.','9441186755','5',''),(534,'C. Jagan Mohan Rao','PC 533','PC','Pulivendula U/G P.S.','9440023513','5',''),(535,'A.V.Rajamani','WHC 411','WHC','Proddatur I Town P.S.','9491943156','5',''),(536,'M. Ramesh','HC 1335','HC','Proddatur I Town P.S.','9492407122','5',''),(537,'G.V. Prasad','HC 950','HC','Proddatur 2 town P.S.','9441210090','5',''),(538,'T.V. Ramana','HC 1761','HC','Proddatur 2 town P.S.','9441086269','5',''),(539,'S.Vasu','HC1939','HC','Proddatur 2 town P.S.','9000183048','5',''),(540,'P. Ramudu','HC-426','HC','Proddatur 3 town P.S.','9441238896','5',''),(541,'G. Gopal','HC-1178','HC','Proddatur 3 town P.S.','9491515647','5',''),(542,'TV Narasimhulu','HC 1168','HC','Proddatur Traffic P.S.','9441403255','5',''),(543,'T. Gangadhar reddy','HC 1643','HC','Proddatur Traffic P.S.','9441153697','5',''),(544,'B.Chandra  Naik','HC 1716','HC','Proddatur Traffic P.S.','9948851153','5',''),(545,'S.Raja Reddy','HC 524','HC','Proddatur Traffic P.S.','9491426233','5',''),(546,'B.C. Mallaiah','ASI 1706','ASI','PCR, Proddatur','9652716226','5',''),(547,'B. Kasaiah','HC 1781','HC','PCR, Proddatur','9490387344','5',''),(548,'K. Gouse peer','HC 1900','HC','PCR, Proddatur','9490653338','5',''),(549,'G.Ganganna','ASI-1697','ASI','Proddatur (R) P.S.','9989468643','5',''),(550,'A. Bhanu Prathap Reddy','PC 695','PC','Pulivendula U/G P.S.','8186866158','5',''),(551,'C. Dhananjaneya','PC 742','PC','Pulivendula U/G P.S.','9951188173','5',''),(552,'P.Narayana','ASI.1682','ASI','Proddatur (R) P.S.','9441831706','5',''),(553,'K.Rama Murthy','ASI 1696','ASI','Rajupalem P.S.','9951724586','5',''),(554,'K.V.Subbaiah','ASI 1544','ASI','Rajupalem P.S.','ASI 1544','5',''),(555,'S.Chandra Sekhar','ASI 857','ASI','Chapadu P.S.','8179051889','5',''),(556,'B. Joshuva','HC-1556','HC','Proddatur (R) P.S.','9440980363','5',''),(557,'J.Ravikumar','HC 1891','HC','Rajupalem P.S.','9440222883','5',''),(558,'S.Muneer Basha','HC. 414','HC','Chapadu P.S.','9177197689','5',''),(559,'M.V.Subbaiah','PC 260','PC','Proddatur I Town P.S.','8985859724','5',''),(560,'C.Sreenivasulu','PC 2696','PC','Proddatur I Town P.S.','9550273017','5',''),(561,'R.Chandra','PC 2738','PC','Proddatur I Town P.S.','9963170720','5',''),(562,'P.Sivaiah','PC 2788','PC','Proddatur I Town P.S.','9160533149','5',''),(563,'T.Bhaskar','PC 2883','PC','Proddatur I Town P.S.','9985606891','5',''),(564,'P.Obulesu','PC 1491','PC','Proddatur I Town P.S.','9177769587','5',''),(565,'S.Venkateswarlu','PC 3115','PC','Proddatur I Town P.S.','7893678251','5',''),(566,'P.Chinna Subbaiah','PC 440','PC','Proddatur I Town P.S.','9490633626','5',''),(567,'G.Veereswar Reddy','PC 667','PC','Proddatur I Town P.S.','9885120156','5',''),(568,'C.R.Subbrayudu','PC 2702','PC','Proddatur I Town P.S.','9985311749','5',''),(569,'N.Siharayudu','PC 592','PC','Proddatur I Town P.S.','9618787625','5',''),(570,'P.Sathya Narayana','PC 990','PC','Proddatur I Town P.S.','9492408961','5',''),(571,'S.Shafivullah','PC 2751','PC','Proddatur I Town P.S.','9666295330','5',''),(572,'M.Bramhaiah','PC 360','PC','Proddatur I Town P.S.','9440833482','5',''),(573,'A.V.Ramana','PC 1768','PC','Proddatur I Town P.S.','9703311068','5',''),(574,'M.Chandra Naik','PC 2841','PC','Proddatur 2 town P.S.','9493366696','5',''),(575,'K.Subramanyam','PC 2875','PC','Proddatur 2 town P.S.','9949791826','5',''),(576,'G.Sreenivasulu','PC 2884','PC','Proddatur 2 town P.S.','9502454213','5',''),(577,'Y.Ramesh','PC 2891','PC','Proddatur 2 town P.S.','8522868840','5',''),(578,'D.Dasthagiri','PC 2898','PC','Proddatur 2 town P.S.','8897717199','5',''),(579,'D.V Subba Reddy','PC 316','PC','Proddatur 2 town P.S.','9177891139','5',''),(580,'D.Laxmi Narayana','PC 1454','PC','Proddatur 2 town P.S.','9494608852','5',''),(581,'P.Siva Prasad','PC 1572','PC','Proddatur 2 town P.S.','7396015787','5',''),(582,'M.Thirumalaiah','PC 1359','PC','Proddatur 2 town P.S.','9985130180','5',''),(583,'Khadar Basha','PC 1667','PC','Proddatur 2 town P.S.','9948717297','5',''),(584,'V. Muni Reddy','PC 1732','PC','Proddatur 2 town P.S.','7386727401','5',''),(585,'K. Surendra','PC 2632','PC','Proddatur 2 town P.S.','9985946803','5',''),(586,'J. RaJ Kumar','PC 2630','PC','Proddatur 3 town P.S.','9849542361','5',''),(587,'M. Anjaneyalu','PC 2698','PC','Proddatur 3 town P.S.','7799120493','5',''),(588,'A. Nageswara Reddy','PC 2874','PC','Proddatur 3 town P.S.','9494738701','5',''),(589,'I. Chennaiah','PC 1789','PC','Proddatur 3 town P.S.','9966719159','5',''),(590,'Md. Jamalulla Khan','PC  512','PC','Proddatur 3 town P.S.','7793963646','5',''),(591,'B.Suresh','PC 2749','PC','Proddatur 3 town P.S.','9505264223','5',''),(592,'P. Veera Pothuluraiah','PC 847','PC','Proddatur 3 town P.S.','9849992277','5',''),(593,'K.Chinna Obulesu','PC 2127','PC','Proddatur 3 town P.S.','8897810347','5',''),(594,'P. Naveen Kumar','PC 751','PC','Proddatur 3 town P.S.','9553558555','5',''),(595,'M.Sidda Reddy','PC 2563','PC','Proddatur Traffic P.S.','8008620228','5',''),(596,'Y.Narasima Naidu','PC 2770','PC','Proddatur Traffic P.S.','9989838985','5',''),(597,'Y.Eswaraiah','PC 2916','PC','Proddatur Traffic P.S.','8985861476','5',''),(598,'P.Sudhakar','PC 715','PC','Proddatur Traffic P.S.','7396288228','5',''),(599,'B. Manohar','PC 974','PC','Proddatur Traffic P.S.','9866806946','5',''),(600,'B.Yashwanth Kumar','PC 1033','PC','Proddatur Traffic P.S.','7093250260','5',''),(601,'D.V. Lakshmi Kumar','PC 1117','PC','Proddatur Traffic P.S.','9652399862','5',''),(602,'A.Sumanth','PC 1278','PC','Proddatur Traffic P.S.','8331025109','5',''),(603,'N.Sanjeeva Rayudu','PC 1392','PC','Proddatur Traffic P.S.','9866005956','5',''),(604,'R.Balayesu','PC 1759','PC','Proddatur Traffic P.S.','9491937745','5',''),(605,'M.Subbarayudu','PC 2776','PC','Proddatur Traffic P.S.','9177707774','5',''),(606,'C.Veranna','PC 3026','PC','Proddatur Traffic P.S.','9100542383','5',''),(607,'A. Kumar','PC 3028','PC','Proddatur Traffic P.S.','9642522988','5',''),(608,'M.Lingamaiah','PC 3056','PC','Proddatur Traffic P.S.','9247255125','5',''),(609,'D. Chandra Sekhar','PC 1970','PC','Proddatur Traffic P.S.','9491354486','5',''),(610,'A.	Damodar','PC 2510','PC','Proddatur Traffic P.S.','9966224832','5',''),(611,'D. Surya Narayana','PC 2543','PC','Proddatur Traffic P.S.','8297692511','5',''),(612,'D.R.Manohar','PC 1013','PC','PCR, Proddatur','9502476461','5',''),(613,'P. Chandra','PC 531','PC','PCR, Proddatur','9440694980','5',''),(614,'S.Siva Mallikarjuna','PC-2680','PC','Proddatur (R) P.S.','9550407290','5',''),(615,'PC Hussanaiah','PC 2913','PC','Proddatur (R) P.S.','9490805348','5',''),(616,'P. Venkata Subbaiah','PC 2789','PC','Proddatur (R) P.S.','9502589101q','5',''),(617,'E. Kamal Basha','PC 2203','PC','Proddatur (R) P.S.','9703870932','5',''),(618,'B.Ramanjulu','PC-2819','PC','Proddatur (R) P.S.','9849507607','5',''),(619,'K.Ravindra','PC-2914','PC','Proddatur I Town P.S.','9492925719','5',''),(620,'P.Venkateswarlu','PC-2928','PC','Proddatur (R) P.S.','9441190961','5',''),(621,'B. Ravi kumar','PC-725','PC','Proddatur (R) P.S.','9493489507','5',''),(622,'T. Guru Sekhar','PC-212','PC','Proddatur (R) P.S.','8978252597','5',''),(623,'E. Ravi Kumar Naik','PC 748','PC','Pulivendula U/G P.S.','9949775270','5',''),(624,'D.Narasimhulu','PC-1409','PC','Proddatur (R) P.S.','PC-1409','5',''),(625,'B. Nazeer Basha','PC 750','PC','Pulivendula U/G P.S.','8985260003','5',''),(626,'T.Madhu Sudhan Reddy','PC-1329','PC','Proddatur (R) P.S.','9010031159','5',''),(627,'S.Srikanth','PC 757','PC','Pulivendula U/G P.S.','9985333163','5',''),(628,'S. Chenchaiah','PC-2688','PC','Proddatur (R) P.S.','9704210676','5',''),(629,'B. Sridhar','PC 1006','PC','Pulivendula U/G P.S.','8989323855','5',''),(630,'D.Ramakrishna','PC.1858','PC','Proddatur (R) P.S.','9490633599','5',''),(631,'D. Prathap','PC 1297','PC','Pulivendula U/G P.S.','9542088255','5','55'),(632,'T.Bala James','PC 1726','PC','Proddatur (R) P.S.','9849265022','5','55'),(633,'K. Kiran Kumar','PC 1449','PC','Pulivendula U/G P.S.','9929929400','5',''),(634,'B.Mahaboob Basha','PC 137','PC','Rajupalem P.S.','9989467718','5',''),(635,'C. Naga Sesha Reddy','PC 1568','PC','Pulivendula U/G P.S.','9493220542','5',''),(636,'K.Vara Prasad','PC 252','PC','Rajupalem P.S.','8374736097','5',''),(637,'U. Rama Mohan','PC 1909','PC','Pulivendula U/G P.S.','9985865724','5',''),(638,'M.Suneel','PC 344','PC','Rajupalem P.S.','9440466933','5',''),(639,'C.Praveen Kumar','PC 468','PC','Rajupalem P.S.','9849483297','5',''),(640,'M. Subbarayudu','PC 2069','PC','Pulivendula U/G P.S.','8523852308','5',''),(641,'I.Imdadulla','PC 977','PC','Rajupalem P.S.','9494880910','5',''),(642,'V.S.G.K. Reddy','PC 2108','PC','Pulivendula U/G P.S.','9885386637','5','55'),(643,'A.Balarami Reddy','PC 2138','PC','Rajupalem P.S.','9951551933','5','55'),(644,'E.Sankar Naik','PC 2380','PC','Pulivendula U/G P.S.','9618313089','5',''),(645,'K.Lakshmikantha Reddy','PC 2141','PC','Rajupalem P.S.','9492406107','5',''),(646,'T.V.Ramana','PC 2387','PC','Pulivendula U/G P.S.','8330950035','5',''),(647,'P.Jagadeesh','PC 2801','PC','Rajupalem P.S.','9542402801','5',''),(648,'P.L.V.Siva Kumar','PC 2422','PC','Pulivendula U/G P.S.','7661000371','5',''),(649,'Sk.Mahaboob Subhani','PC 2596','PC','Rajupalem P.S.','9440060066','5',''),(650,'M. Subramanyam','PC 2537','PC','Pulivendula U/G P.S.','9000865052','5','55'),(651,'G. Kareemulla','PC 2589','PC','Rajupalem P.S.','9052985141','5','55'),(652,'T. Dadahayath','PC 2597','PC','Pulivendula U/G P.S.','9652256615','5','55'),(653,'U. Ravi Kumar','PC 2540','PC','Chapadu P.S.','8297917957','5','55'),(654,'R.V.Subramanyanm','PC 2779','PC','Pulivendula U/G P.S.','9492902779','5',''),(655,'V. Chandrasekhar','PC 2805','PC','Pulivendula U/G P.S.','8142119872','5',''),(656,'K. Nagaraju','PC 2668','PC','Chapadu P.S.','8897087505','5',''),(657,'G. Bala Obulesh','PC 2837','PC','Pulivendula U/G P.S.','9493832942','5',''),(658,'M.Prakash Kumar','PC 2142','PC','Chapadu P.S.','9491222099','5',''),(659,'B. Sreeramulu','PC 2856','PC','Pulivendula U/G P.S.','9440355972','5',''),(660,'A.Badusha','PC 1728','PC','Chapadu P.S.','9989495019','5',''),(661,'B. Nagaraju','PC 1633','PC','Chapadu P.S.','9703213527','5',''),(662,'G. Raghavendra Reddy','PC 2912','PC','Pulivendula U/G P.S.','9441105291','5',''),(663,'M. Ganga Mahesh','PC 2595','PC','Chapadu P.S.','9966550233','5',''),(664,'B.Sreenath Reddy','PC 351','PC','Pulivendula Tr., P.S.','7075145009','5',''),(665,'G.Bharathi','WPC 258','WPC','Proddatur I Town P.S.','9703025332','5',''),(666,'G.Praveen Raj','PC 903','PC','Pulivendula Tr., P.S.','7702965903','5',''),(667,'A. Praveen Kumar','PC 2539','PC','Pulivendula Tr., P.S.','9642578719','5',''),(668,'T.Siva Jyothi','WPC 2153','WPC','Proddatur 2 town P.S.','8106593009','5',''),(669,'D. Ramanjaneyulu','PC 2603','PC','Pulivendula Tr., P.S.','9603124894','5',''),(670,'A. Saroja','WPC 2150','WPC','Proddatur 3 town P.S.','9440313058','5',''),(671,'P. Ashokekumar','PC 2639','PC','Pulivendula Tr., P.S.','9642670844','5',''),(672,'P.Hari Krishna','PC 2742','PC','Pulivendula Tr., P.S.','8179588671','5',''),(673,'D.Guru Mabu','PC 2885','PC','Pulivendula Tr., P.S.','9705544538','5',''),(674,'N. Darbaraiah','PC 2930','PC','Pulivendula Tr., P.S.','9491771026','5',''),(675,'K. Narasimha Reddy','PC.2766','PC','Lingala P.S.','7893996708','5',''),(676,'O. Narasimha Raju','PC.196','PC','Lingala P.S.','9573297910','5',''),(677,'M. Ghouse Lazam','PC.2594','PC','Lingala P.S.','9705010786','5',''),(678,'S.C. Naganna','PC.2888','PC','Lingala P.S.','9573222614','5',''),(679,'A. Jayachandra','PC-421','PC','Vemula P.S.','9866718924','5',''),(680,'N. Muni Reddy','PC-696','PC','Lingala P.S.','8790218845','5',''),(681,'Y.Venkateswarlu','CI','CI','Mydukur U/G P.S.','9440796955','5',''),(682,'B. Babu Rajendra Prasad','PC-1595','PC','Vemula P.S.','9493086449','5',''),(683,'M. Anil Kumar','PC 2101','PC','Vemula P.S.','9440239661','5',''),(684,'M.Nagabhushanam','CI','CI','Mydukur U/G P.S.','9440796956','5',''),(685,'R.Ramanji Naik','CI','CI','Badvel Town P.S.','9440796976','5',''),(686,'VS Noor Ahamad','SI 20','SI','Badvel Town P.S.','9959115550','5',''),(687,'L. Samuel','PC-2574','PC','Vemula P.S.','9985599091','5',''),(688,'V.Mastan Valli','PC 2642','PC','Vemula P.S.','9985600988','5',''),(689,'J.Narasimha Reddy','SI 123','SI','Badvel Rural P.S.','9440901816','5',''),(690,'S. Karuna Sagar','PC 2904','PC','Vemula P.S.','9493864298','5',''),(691,'J.Chandrasekhar','SI 111','SI','Atlur P.S.','9440901805','5',''),(692,'M. GURRAIAH','PC 2667','PC','Vempalli P.S.','9985419821','5',''),(693,'H. Krishnamraju Naik','si','SI','Porumamilla P.S.','9493548228','5',''),(694,'P. SRI HARIBABU','PC 2948','PC','Vempalli P.S.','9866129023','5',''),(695,'A.Vidhya Sagar','si','SI','Duvvur P.S.','9440796957','5',''),(696,'G. TIRUPATHAIAH','PC-2802','PC','Vempalli P.S.','9966442756','5',''),(697,'V.Rangaswami','si','SI','B.Mattam P.S.','9440901810','5',''),(698,'P.KrishnaMurthy','PSI 3259','SI','Mydukur U/G P.S.','9491284841','5',''),(699,'S.R.K.Raju','ASI - 1119','ASI','Mydukur U/G P.S.','9966787380','5',''),(700,'B.Ranganatham','HC . 464','HC','Mydukur U/G P.S.','8331800042','5',''),(701,'G. VENKATA SIVA','PC-2860','PC','Vempalli P.S.','9703137313','5',''),(702,'G. Gurappa','HC  1105','HC','Mydukur U/G P.S.','9949124110','5',''),(703,'B. VEERANJANEYULU','PC-3030','PC','Vempalli P.S.','9652411738','5',''),(704,'T. CHANDRA SEKAR','PC-825','PC','Vempalli P.S.','8897746429','5',''),(705,'R.  SURESH','PC-1055','PC','Vempalli P.S.','8790508025','5',''),(706,'C. SIVA SANKAR REDDY','PC-1156','PC','Vempalli P.S.','9177557278','5',''),(707,'A. SREENIVASULU','PC-1326','PC','Vempalli P.S.','9908044969','5',''),(708,'A. UDAY SAGAR','PC-1411','PC','Vempalli P.S.','9885161716','5',''),(709,'B. NAGENDRA KUMAR','PC-1806','PC','Vempalli P.S.','9494947389','5',''),(710,'J. SREENIVASULU','PC-3040','PC','Vempalli P.S.','8331934329','5',''),(711,'B.Praveenkumar','PC.1894','PC','Vempalli P.S.','7893925112','5',''),(712,'A. Siva Chaitanya','PC- 438','PC','R.K. Valley P.S.','7680969967','5',''),(713,'B. Raja Reddy','PC-615','PC','R.K. Valley P.S.','7702935876','5',''),(714,'B. Ramanaiah','PC-1303','PC','R.K. Valley P.S.','7731010640','5',''),(715,'K. Nagendra','PC 877','PC','R.K. Valley P.S.','7799665114','5',''),(716,'Y. Obuleshu','PC 888','PC','R.K. Valley P.S.','9494189996','5',''),(717,'T.Nagendra Prasad','HC 1167','HC','Mydukur U/G P.S.','9052865165','5',''),(718,'K.Nithyapujalaiah','HC 1408','HC','Mydukur U/G P.S.','9490122433','5',''),(719,'N.Abdul Hakeem','HC 1908','HC','Mydukur U/G P.S.','9441831809','5',''),(720,'P. Chandra Sekhar','HC 1984','HC','Mydukur U/G P.S.','9912521280','5',''),(721,'B.Naganna','ASI 1519','ASI','Duvvur P.S.','9502427988','5',''),(722,'T.Changal Raju','ASI 1637','ASI','Duvvur P.S.','9440424998','5',''),(723,'T.Krishna Mohan','CI','CI','RIMS P.S.','9440901823, 9154499999','5',''),(724,'S.Ramanjaneyulu,','ASI 315','ASI','B.Mattam P.S.','9985988697','5',''),(725,'B.Rmakrishna','CI','CI','C. Chowk U/G P.S.','9440796911','5',''),(726,'A.Jyothi','WASI 701','WASI','Khajipet P.S.','','5',''),(727,'M.Nageswarareddy','HC 1723','HC','Khajipet P.S.','9703546925','5',''),(728,'J. Rama Subba Reddy','HC 1788','HC','Khajipet P.S.','9491358734','5',''),(729,'B.V.Siva Reddy','CI 22','CI','C.K Dinne P.S.','9440796914','5',''),(730,'M.C Veeraiah','H.C 1906','HC','B.Mattam P.S.','9441010941','5',''),(731,'G.Rajendra Prasad','ci 152','CI','Yerraguntla P.S.','9440796918','5',''),(732,'D. Pullanna','ASI. 445','ASI','Porumamilla P.S.','9912382371','5',''),(733,'Pratap Reddy','si22','SI','Kadapa I town P.S.','9440711194','5',''),(734,'M. Gerge','HC. 314','HC','Porumamilla P.S.','HC. 314','5',''),(735,'SI V.Nagaraju','SI of Police','SI','Kadapa I town P.S.','9440796906','5',''),(736,'S. Venkateswarlu,','A.S.I. 904','ASI','Kalasapadu P.S.','9177872114','5',''),(737,'N.Rajarajeswra Redy','25','SI','Kadapa Taluk P.S.','9440796907','5',''),(738,'S. Sthish Kumar','HC-1917','HC','Kalasapadu P.S.','9553051822','5',''),(739,'S.Rama Krishnudu','SI of Police','SI','C. Chowk U/G P.S.','8121142550','5',''),(740,'B.Vijay Kumar,','H.C.1974','HC','B. Kodur P.S.','9160176374','5',''),(741,'N.Sreedhar Babu','ASI 908','ASI','Badvel Town P.S.','9440979760','5',''),(742,'G.Raghu Ramaiah','ASI 1707','ASI','Atlur P.S.','9052667191','5',''),(743,'M.Sudhakar','HC 1160','HC','Badvel Town P.S.','9849765157','5',''),(744,'T.C.S Reddy','HC 1893','HC','Badvel Rural P.S.','9441683793','5',''),(745,'Y.Hari Krishna','HC 332','HC','Badvel Rural P.S.','9492942794','5',''),(746,'G.Gundaiah','HC 1312','HC','Atlur P.S.','8142259390','5',''),(747,'N. Subbaiah','P.C.333','PC','Mydukur U/G P.S.','9440967690','5',''),(748,'Gurumurthy','PC 404','PC','Mydukur U/G P.S.','9703963481','5',''),(749,'S. Venkatarayulu','P.C.407','PC','Mydukur U/G P.S.','9059575211','5',''),(750,'M. Sekhar','PC  444','PC','Mydukur U/G P.S.','9885500788','5',''),(751,'Syam Prasad','PC 602','PC','Mydukur U/G P.S.','9866355908','5',''),(752,'K. Nageswara Rao','PC 633','PC','Mydukur U/G P.S.','9492204964','5',''),(753,'Vidya Sagar','PC  747','PC','Mydukur U/G P.S.','9059111172','5',''),(754,'Srinivasulu','PC 852','PC','Mydukur U/G P.S.','9440353191','5',''),(755,'M.Sathish Kumar Reddy','PC  1212','PC','Mydukur U/G P.S.','9573323656','5',''),(756,'K.Uday Bhaskar','PC  1300','PC','Mydukur U/G P.S.','9989563595','5',''),(757,'S.Israeel','PC 1433','PC','Mydukur U/G P.S.','8897262699','5',''),(758,'S.N.Riyaz','PC 1507','PC','Mydukur U/G P.S.','9441848967','5',''),(759,'B.Rama Subba Reddy','PC  1566','PC','Mydukur U/G P.S.','9490452685','5',''),(760,'Ramana Murthy','PC 1815','PC','Mydukur U/G P.S.','9703304535','5',''),(761,'S.Kullayappa','55','SI','C.K Dinne P.S.','9440796915','5',''),(762,'C. Lakshminarayana','99','SI','Yerraguntla P.S.','9440796919','5',''),(763,'GV Narayanayadav','551','SI','Yerraguntla P.S.','9440113773','5',''),(764,'N. Vara Prasad','28','SI','G.R Palli P.S.','9440796922','5',''),(765,'S.G. Hemadri','43','SI','Kalamala P.S.','9440796921','5',''),(766,'M.Venkateswarlu','4454','SI','PCR, Kadapa.','9849650762','5',''),(767,'C. Pitchaiah','ASI  322','ASI','Kadapa I town P.S.','8500225009','5',''),(768,'S Nowshad ali basha','ASI 876','ASI','Kadapa I town P.S.','9966807991','5',''),(769,'M.V.G.Raju','ASI  1074','ASI','Kadapa I town P.S.','9493440721','5',''),(770,'Sri K. Yellam Raju','ASI 284','ASI','Chennur P.S.','9052700318','5',''),(771,'SS Gangaiah','ASI 1447','ASI','C. Chowk U/G P.S.','9959214368','5',''),(772,'S. Sreenivasa Reddy','ASI 557','ASI','C. Chowk U/G P.S.','9985334341','5',''),(773,'N.KHADAR BASHA','ASI 1672','ASI','Kadapa II town P.S.','9866927768','5',''),(774,'B.Sreenivasa Naik','ASI 1715','ASI','Kadapa Taluk P.S.','9642656538','5',''),(775,'A.Narayana Reddy','ASI 1268','ASI','Kadapa Taluk P.S.','A.Narayana Reddy','5',''),(776,'S.Nagaiah','ASI 1115','ASI','Pendlimarry P.S.','9490033202','5',''),(777,'K.Nagendra','PC 877','PC','L.R Palli P.S.','7799665114','5',''),(778,'Y.Obulesu','PC 888','PC','L.R Palli P.S.','9494189996','5',''),(779,'K.Kiran Kumar','PC 969','PC','L.R Palli P.S.','9440852374','5',''),(780,'S.Khadar Valli','PC 1279','PC','L.R Palli P.S.','8142868034','5',''),(781,'B.Rama Naik','PC 2137','PC','L.R Palli P.S.','9704493321','5',''),(782,'S.Shabbir Hussain','PC 1870','PC','L.R Palli P.S.','9441028494','5',''),(783,'D.V.Sagar Reddy','PC 1225','PC','L.R Palli P.S.','9652533662','5',''),(784,'Maheswara Reddy','PC 2576','PC','Ramapuram P.S.','9652533662','5',''),(785,'S.Khadar Basha','PC 801','PC','Ramapuram P.S.','9491640660','5',''),(786,'M.Sudhakar Naik','PC 2062','PC','Ramapuram P.S.','9550114066','5',''),(787,'Y.Ramesh Babu','PC 2675','PC','Ramapuram P.S.','9705779596','5',''),(788,'R.Venkatadri','PC 1299','PC','Ramapuram P.S.','9493618843','5',''),(789,'M.T.BalaKrishna','PC 1175','PC','Ramapuram P.S.','9160883099','5',''),(790,'R.Venugopal Reddy','PC 1316','PC','Ramapuram P.S.','9542112255','5',''),(791,'V.Murali','PC 824','PC','Ramapuram P.S.','8297912099','5',''),(792,'B.Mukundara','PC 1518','PC','Ramapuram P.S.','8978001067','5',''),(793,'Murali Mohan','PC 2598','PC','Ramapuram P.S.','9160983465','5',''),(794,'U.Siva Kumar','PC 2083','PC','Galiveedu P.S.','9849144086','5',''),(795,'D.Gangadhar','PC 271','PC','Galiveedu P.S.','9441823583','5',''),(796,'C.Ganapathi Raju','PC1319','PC','Galiveedu P.S.','9705547740','5',''),(797,'S.Sudarshan Reddy','PC 2748','PC','Galiveedu P.S.','8978058858','5',''),(798,'P.Vasu Teja','PC 800','PC','Galiveedu P.S.','9494460353','5',''),(799,'P.Vijaya Bhaskar','PC 1428','PC','Galiveedu P.S.','9701945152','5',''),(800,'P.Gangadhar','PC 2568','PC','Galiveedu P.S.','8374599456','5',''),(801,'B.Madan Mohan','PC 2049','PC','Galiveedu P.S.','9966546801','5',''),(802,'S.Mohammad Shafi','PC 2209','PC','Chakrayapet P.S.','9490262928','5',''),(803,'Subbarayudu','PC 2123','PC','Chakrayapet P.S.','9493833007','5',''),(804,'C.Surendra','PC 1241','PC','Chakrayapet P.S.','9505805437','5',''),(805,'B.Rammohan Naik','PC 724','PC','Chakrayapet P.S.','9703960608','5',''),(806,'S.Mahesh','PC 717','PC','Chakrayapet P.S.','9652833053','5',''),(807,'M.Ravindra Naik','PC 845','PC','Chakrayapet P.S.','9989907663','5',''),(808,'K.Narasaiah','PC 1599','PC','Chakrayapet P.S.','9985537939','5',''),(809,'H.Mohan Kumar','PC 1772','PC','Chakrayapet P.S.','9848448300','5',''),(810,'M.Praveen Kumar Reddy','PC 461','PC','Chakrayapet P.S.','9494882533','5',''),(811,'K.Siva Kumar','PC 2943','PC','Chakrayapet P.S.','9701641771','5',''),(812,'C.Obulaiah','PC 363','PC','Chinnamandem P.S.','9490773432','5',''),(813,'C.Sreenivasulu','PC 387','PC','Chinnamandem P.S.','9490686946','5',''),(814,'V.Anjaneyulu','PC 1096','PC','Chinnamandem P.S.','9985307596','5',''),(815,'M.Babu Naik','PC 1102','PC','Chinnamandem P.S.','9441444605','5',''),(816,'T.Dharma','PC 1308','PC','Chinnamandem P.S.','9000382341','5',''),(817,'K.Hari Pratap Naidu','PC 1309','PC','Chinnamandem P.S.','8142893702','5',''),(818,'B.Anji Naik','PC 2061','PC','Chinnamandem P.S.','9441444506','5',''),(819,'A.Ravi Prakash Babu','PC 2792','PC','Chinnamandem P.S.','9963337559','5',''),(820,'P.Hari Krishna','PC 3047','PC','Chinnamandem P.S.','9703113011','5',''),(821,'M.Venkateswara reddy','PC 2683','PC','Chinnamandem P.S.','9490036742','5',''),(822,'C.Gangadhar','PC 2694','PC','Chinnamandem P.S.','9652742500','5',''),(823,'C.Sreenivasulu','PC 2878','PC','Chinnamandem P.S.','9502244908','5',''),(824,'B.Hari Prasad','PC 372','PC','Sambepalli P.S.','9985021930','5',''),(825,'B.Chenna Keshavulu','PC 629','PC','Sambepalli P.S.','9440194466','5',''),(826,'M.Jayaprasad','PC 893','PC','Sambepalli P.S.','9440327221','5',''),(827,'S.Md.Rafi','PC 1796','PC','Sambepalli P.S.','9440826924','5',''),(828,'K.Ameer Basha','PC 1944','PC','Sambepalli P.S.','9490631624','5',''),(829,'V.S.Kesava Kumar','PC 2571','PC','Sambepalli P.S.','9642534885','5',''),(830,'G.Venkateswarlu','PC 2671','PC','Sambepalli P.S.','8978794211','5',''),(831,'M.Vijay Kumar Raju','PC 385','PC','Sambepalli P.S.','9440912193','5',''),(832,'H.Narendra','PC 2106','PC','Sambepalli P.S.','8142027179','5',''),(833,'M.Abdul Salam','PC 423','PC','T. Sundupalli P.S.','9966770013','5',''),(834,'K.Veera Reddy','PC 617','PC','T. Sundupalli P.S.','9440655262','5',''),(835,'G.Rafi','PC 661','PC','T. Sundupalli P.S.','9676626100','5',''),(836,'R.V.Raju','PC 2765','PC','T. Sundupalli P.S.','8522864426','5',''),(837,'G.Naresh Naidu','PC 1083','PC','T. Sundupalli P.S.','8978643080','5',''),(838,'B.Nagendra Naik','PC 1713','PC','T. Sundupalli P.S.','9440952038','5',''),(839,'P.Narayana','PC 1435','PC','T. Sundupalli P.S.','9494082020','5',''),(840,'T.Lakshmaiah','PC 2685','PC','T. Sundupalli P.S.','9985942939','5',''),(841,'S.Alimoula','PC 2732','PC','T. Sundupalli P.S.','9441148493','5',''),(842,'C.Guru Shekar','PC 2823','PC','T. Sundupalli P.S.','8985862084','5',''),(843,'M.Rammohan','PC 2871','PC','T. Sundupalli P.S.','9581534454','5',''),(844,'K.Kariyappa','PC 2775','PC','T. Sundupalli P.S.','9908884452','5',''),(845,'T.Sreedhar','PC 2591','PC','T. Sundupalli P.S.','9966916634','5',''),(846,'V.Bramhananda Reddy','PC 2679','PC','T. Sundupalli P.S.','9640060622','5',''),(847,'M.Tirupalu','PC 532','PC','Veeraballi P.S.','9440644812','5',''),(848,'S. Mahesh Babu','PC 688','PC','Veeraballi P.S.','9642562978','5',''),(849,'M.Venkateswara Naik','PC 879','PC','Veeraballi P.S.','9642452945','5',''),(850,'P.Md.Rafi','PC 996','PC','Veeraballi P.S.','9666662340','5',''),(851,'T.V.Sivaiah','PC 1495','PC','Veeraballi P.S.','9676184018','5',''),(852,'P.M.Mura hari','PC 1000','PC','Veeraballi P.S.','9502994772','5',''),(853,'A.Siva Rajendra','PC 1272','PC','Veeraballi P.S.','8331015997','5',''),(854,'B.Santhosh Reddy','PC 2047','PC','Veeraballi P.S.','7799677382','5',''),(855,'V.Koteswaraiah','PC 2323','PC','Veeraballi P.S.','9703780990','5',''),(856,'M.Sreenivasulu','PC 2362','PC','Veeraballi P.S.','7799357576','5',''),(857,'K.Sateesh Kumar Raju','PC 2806','PC','Veeraballi P.S.','9494882553','5',''),(858,'M.Narayana Reddy','PC 2870','PC','Veeraballi P.S.','9966475175','5',''),(859,'M.Shakuntala','WPC 2147','WPC','Pulivendula U/G P.S.','9885520063','5',''),(860,'B.Vishalakshi','WPC 509','WPC','Pulivendula U/G P.S.','7288841841','5',''),(861,'K.Narmada','WPC 2170','WPC','Lingala P.S.','9703455151','5',''),(862,'S.Prema Kumari','WASI 492','WASI','Vemula P.S.','9703570387','5',''),(863,'C.Ganga Devi','WPC 2183','WPC','Vemula P.S.','9059760414','5',''),(864,'S.Anasuya','WASI1082','WASI','Vempalli P.S.','9704252667','5',''),(865,'D.Ramanamma','WPC 2156','WPC','Vempalli P.S.','9949241194','5',''),(866,'S.Kamal Bee','WASI 425','WASI','Chinnamandem P.S.','9000886109','5',''),(867,'K.Vijaya Lakshmi','WHC 150','WHC','Chinnamandem P.S.','9948824207','5',''),(868,'T.Srilakshmi','WPC 3060','WPC','Chinnamandem P.S.','9703022190','5',''),(869,'B.Hemalatha','WPC 2181','WPC','T. Sundupalli P.S.','8018917726','5','55'),(870,'C.Indira Priyadarshini','WPC 3064','WPC','L.R Palli P.S.','8127336895','5','55'),(871,'B.Radha','WPC 2172','WPC','Galiveedu P.S.','7893823009','5','55'),(872,'Sri Devi','WHC 781','WHC','Chakrayapet P.S.','8019817726','5',''),(873,'J.Radha','WPC 2180','WPC','Chakrayapet P.S.','9490486090','5','55'),(874,'balarami','786','ASI','Duvvur P.S.','87877','6','60'),(875,'ssdf','sdfsdf','SI','Kadapa Taluk P.S.','sd','6','61'),(876,'sdfsdf','sdfsdf','DSP','Kadapa Traffic P.S.','sdfsdf','6','59'),(877,'Smt N.Poojitha','3','DSP','Proddatur I Town P.S.','9440796935','6',''),(878,'Sri M.Rama krishnaiah','6','DSP','Mydukur U/G P.S.','9440796954','6',''),(879,'Sri M.Bakthavathsalam','7','DSP','Kadapa Traffic P.S.','9440796982','6',''),(880,'sri R.Vasudevan','8','DSP','Women U/G P.S.','9440796909','6',''),(881,'Sri G.Nageswar Reddy','9','DSP','CCS, Kadapa.','9440796917','6',''),(882,'Sri B.Sreenivasulu','10','DSP','F/Zone, Kadapa.','9440904906','6',''),(883,'Sri P.Showkath Ali','11','DSP','SC/ST Cell, Kadapa','9440796951','6',''),(884,'Smt., N. POOJITHA','3','DSP','Proddatur I Town P.S.','9440796935','7',''),(885,'P. SHOWKATH ALI','11','DSP','SC/ST Cell, Kadapa','9440796951','7',''),(886,'B. SREENIVASULU','7','DSP','F/Zone, Kadapa.','9440904906','7',''),(887,'G. NAGESWARA REDDY','8','DSP','CCS, Kadapa.','9440796917','7',''),(888,'R. VASUDEVAN','9','DSP','Women U/G P.S.','9440796909','7',''),(889,'M. BAKTHAVASTALAM','10','DSP','Kadapa Traffic P.S.','9440796982','7',''),(890,'M. RAMAKRISHNA','12','DSP','Mydukur U/G P.S.','9440796954','7','');
/*!40000 ALTER TABLE `event_allotment_eventparticipant` ENABLE KEYS */;
UNLOCK TABLES;

--
-- Table structure for table `event_allotment_eventpicketpoint`
--

DROP TABLE IF EXISTS `event_allotment_eventpicketpoint`;
/*!40101 SET @saved_cs_client     = @@character_set_client */;
/*!40101 SET character_set_client = utf8 */;
CREATE TABLE `event_allotment_eventpicketpoint` (
  `id` int(11) NOT NULL AUTO_INCREMENT,
  `ep_name` varchar(200) NOT NULL,
  `ep_event_id` varchar(200) NOT NULL,
  `ep_sector` varchar(50) NOT NULL,
  PRIMARY KEY (`id`)
) ENGINE=InnoDB AUTO_INCREMENT=91 DEFAULT CHARSET=latin1;
/*!40101 SET character_set_client = @saved_cs_client */;

--
-- Dumping data for table `event_allotment_eventpicketpoint`
--

LOCK TABLES `event_allotment_eventpicketpoint` WRITE;
/*!40000 ALTER TABLE `event_allotment_eventpicketpoint` DISABLE KEYS */;
INSERT INTO `event_allotment_eventpicketpoint` VALUES (1,'Inside Temple','1','NA'),(2,'East Side','1','NA'),(3,'West Side','1','NA'),(4,'North Side','1','NA'),(5,'SECTOR - I, ALL AROUND THE HELIPAD BARRICADING','2','NA'),(6,'SECTOR - I, VISITORS GALLERY','2','NA'),(7,'SECTOR - I, VIP TENT','2','NA'),(8,'SECTOR - II, B.T. ROAD CROSS NEAR HELIPAD','2','NA'),(9,'SECTOR - II, APPAREL PARK CROSS ON BYE-PASS CROSS','2','NA'),(10,'SECTOR - II, KORRAPADU JUNCTION BYE PASS ROAD','2','NA'),(11,'SECTOR - II, SANGHAMESWARA HIGH SCHOOL','2','NA'),(12,'SECTOR - II, MALLELAMMA TEMPLE','2','NA'),(13,'SECTOR - II, MYLAVARAM CANAL CROSS','2','NA'),(14,'SECTOR - II, SUBBAREDDY AND SUBBAIAH COOL DRINK SHOP','2','NA'),(15,'SECTOR - II, INFRONT OF SKSC DEGREE COLLEGE','2','NA'),(16,'SECTOR - II, NEAR TSR KALYANAMANTAPAM','2','NA'),(17,'SECTOR - II, BHAGATH SINGH COLONY CIRCLE','2','NA'),(18,'SECTOR - II, INFRONT OF R&B GUEST HOUSE','2','NA'),(19,'SECTOR - II, AT R&B GUEST HOUSE','2','NA'),(20,'SECTOR - III, DAW COLLEGE CROSS','2','NA'),(21,'SECTOR - III, PADMAVATHI WEIGH BRIDGE','2','NA'),(22,'SECTOR - III, YERRANNA KOTTALU CROSS ON KORRAPADU ROAD','2','NA'),(23,'SECTOR - III, VIVEKANANDA CLOTH MARKET 1ST CROSS','2','NA'),(24,'SECTOR - III, VIVEKANANDA CLOTH MARKET 2ND CROSS','2','NA'),(25,'SECTOR - III, MUNICIPAL GROUND ENTRANCE GATE, NEAR KORRAPADU ROAD','2','NA'),(26,'SECTOR - III, WHERE HOUSE GOWDOWS','2','NA'),(27,'SECTOR - III, OHM SHANTHI MANDIR ROAD CROSS','2','NA'),(28,'SECTOR - III, SAI BABA TEMPLE STREET CROSS','2','NA'),(29,'SECTOR - III, JEEVAN JYOTHI CONCEPT SCHOOL CROSS','2','NA'),(30,'SECTOR - III, OLD DSP OFFICE LINE STREET CROSS','2','NA'),(31,'SECTOR - III, ARAVINDASHRAMAM  STREET CROSS','2','NA'),(32,'SECTOR - III, MARUTHI NAGAR STREET CROSS','2','NA'),(33,'SECTOR - III, SAI NAGAR STREET CROSS','2','NA'),(34,'SECTOR - III, GAYATHRI NAGAR STREET CROSS','2','NA'),(35,'SECTOR - III, REDDY NAGAR STREET CROSS','2','NA'),(36,'SECTOR - III, BHAVANI NAGAR STREET CROSS','2','NA'),(37,'SECTOR - III, OPPOSITE TO III TOWN PS','2','NA'),(38,'SECTOR - III, OLD BUS STAND','2','NA'),(39,'SECTOR - III, RAJEEV CIRCLE','2','NA'),(40,'SECTOR - IV, IN-FRONT OF VASAVI MARRIAGE FUNCTION HALL','2','NA'),(41,'SECTOR - IV, VEHICLES PARKING PLACE','2','NA'),(42,'SECTOR - IV, VASAVI MARRIAGE FUNCTION HALL','2','NA'),(43,'SECTOR - V, SAFE HOUSE AT GOVT. HOSPITAL, PRODDATUR','2','NA'),(44,'SECTOR - III, POLYTECHNIC COLLEGE MAIN ENTRANCE','2','NA'),(45,'SECTOR - III, JUTURU KALAKSHETRAM','2','NA'),(46,'NIGHT BEAT DUTIES','2','NA'),(47,'TRAFFIC POINTS IN TOWN','2','NA'),(48,'ATTACHED TO CI OF PDTR U CIRCLE','2','NA'),(49,'STAND BY','2','NA'),(50,'EXCHANGE DUTIES (Writers given Nos but attended another persons)','2','NA'),(51,'SECTOR - I, RELIANCE PETROL BUNK','3','NA'),(52,'SECTOR - II, BUS-STAND','3','NA'),(53,'ROUTE BANDHO BUST FROM HELIPAD TO MEETING PLACE','4','Sector - 2 '),(54,'HELIPAD','4','Sector - 1 '),(55,'HELIPAD','5','Sector - 1 '),(56,'FIELD VISITING PLACE AT KHANCHARAPALLI VILLAGE','5','Sector - 2 '),(57,'ROUTE BANDHOBUST FROM HELIPAD TO MEETING PALCE','5','Sector - 3 '),(58,'PUBLIC MEETING PLACE','5','Sector - 4 '),(59,'East side','6','Sector - 7 '),(60,'West','6','Sector - 5 '),(61,'Helipad','6','Sector - 3 '),(62,'Road side','6','Sector - 3 '),(63,'HELIPAD AT DTC GROUNDS, KADAPA','7','Sector - 1 '),(64,'ROUTE BANDHO BUST FROM JMJ COLLEGE TO MEDA CONVENTION CENTRE','7','Sector - 2 '),(65,'STATIC BANDHO BUST DUTY AT MEDA CONVENTION CENTRE','7','Sector - 3 '),(66,'STATIC BANDHO BUST AT PARKING PLACES AT MEDA CONVENTION CENTRE','7','Sector - 4 '),(67,'ROUTE BANDHO BUST FROM MEDA CONVENTION CENTRE TO MUNICIPAL STADIUM','7','Sector - 5 '),(68,'MEETING PLACE AT MUNICIPAL STADIUM','7','Sector - 6 '),(69,'ROUTE BANDHO BUST FROM MUNICIPAL STADIUM TO KOTIREDDY CIRCLE','7','Sector - 7 '),(70,'ROUTE BANDHO BUST FROM KOTIREDDY CIRCLE TO BUILT-UP JUNCTION','7','Sector - 8 '),(71,'ROUTE BUNDOBUST FROM BUILT-UP JUNCTION TO AIRPORT MAIN GATE','7','Sector - 9 '),(72,'STATIC BUNDOBUST AT AIRPORT','7','Sector - 10 '),(73,'BUSES AND AUTO REGULATIONS FROM ANNAMAYYA CIRCLE TO SRI RAJARAJESHWARI TEMPLE / MASAPET JUNCTION/MARKET YARD','7','Sector - 11 '),(74,'PARKING PLACES: 1. MARKET YARD. 2. EXHIBITION GROUNDS. 3. MUNICIPAL HIGH SCHOOL.4. MUNICIPAL URDU HIGH SCHOOL. 5. KSR FUNCTION HALL 6. OPEN PLACE FISHERIES DEPARTMENT.','7','Sector - 12 '),(75,'SAFE HOUSE; SDPO OFFICE','7','Sector - 13 '),(76,'CONTINGENCY HOSPITAL: Dr. GAJJALA RAMA KRISHNA REDDY HOSPITAL','7','Sector - 14 '),(77,'STATIC BUNDOBUST AT R&B GUEST HOUSE','7','Sector - 15 '),(78,'NIGHT PATROLLING & LODGES CHECKING','7','Sector - 16 '),(79,'LIFTING PARTIES','7','Sector - 17 '),(80,'CHECK POSTS : 1) DTC. 2) SAKSHI CIRCLE. 3) CHENNUR TOLLGATE. 4) POWER GRID. 5) VEDAS SCHOOL','7','Sector - 18 '),(81,'MISCELLANEOUS DUTIES','7','Sector - 19 '),(82,'PICKETS - 15','7','Sector - 20 '),(83,'TRAFFIC DIVERSION OF TRUCKS & LORRIES','7','Sector - 21 '),(84,'AREA DOMINATION: 1) AIRPORT. 2) HELIPAD TO PUTLAMPALLI. 3) INDUSTRIAL AREA. 4) ENROUTE AIRPORT.','7','Sector - 22 '),(85,'SPECIAL STRIKING FORCE / STRIKING FORCE','7','Sector - 23 '),(86,'MOBILE PARTIES','7','Sector - 24 '),(87,'E - SURVEILLANCE CENTRE','7','Sector - 25 '),(88,'VIDEOGRAPHY TEAMS','7','Sector - 26 '),(89,'RESERVE FORCE','7','Sector - 27 '),(90,'SAFE HOUSE / CONTINGENCY HOSPITAL','7','Sector - 13 ');
/*!40000 ALTER TABLE `event_allotment_eventpicketpoint` ENABLE KEYS */;
UNLOCK TABLES;

--
-- Table structure for table `event_allotment_policeevent`
--

DROP TABLE IF EXISTS `event_allotment_policeevent`;
/*!40101 SET @saved_cs_client     = @@character_set_client */;
/*!40101 SET character_set_client = utf8 */;
CREATE TABLE `event_allotment_policeevent` (
  `id` int(11) NOT NULL AUTO_INCREMENT,
  `event_name` varchar(200) NOT NULL,
  `event_place` varchar(200) NOT NULL,
  `event_start_date` varchar(200) NOT NULL,
  `event_end_date` varchar(200) NOT NULL,
  `event_owner` varchar(200) NOT NULL,
  `event_owner_branch` varchar(200) NOT NULL,
  `event_owner_district` varchar(200) NOT NULL,
  PRIMARY KEY (`id`)
) ENGINE=InnoDB AUTO_INCREMENT=8 DEFAULT CHARSET=latin1;
/*!40101 SET character_set_client = @saved_cs_client */;

--
-- Dumping data for table `event_allotment_policeevent`
--

LOCK TABLES `event_allotment_policeevent` WRITE;
/*!40000 ALTER TABLE `event_allotment_policeevent` DISABLE KEYS */;
INSERT INTO `event_allotment_policeevent` VALUES (1,'DEVUNI KADAPA BRAHMOSTSAVALU','DEVUNI KADAPA TEMPLE','21-Jul-2016 08:00:00 AM','22-Jul-2016 08:00:00 PM','Deputy Superintendent of Police','District Special Branch','YSR Kadapa'),(2,'VISIT OF SRI K. ROSAIAH, HON\'BLE GOVERNOR OF TAMILNADU STATE','PRODDATUR','24-Jul-2016 07:00:00 AM','24-Jul-2016 05:00:00 PM','','SUB-DIVISIONAL POLICE OFFICER, PRODDATUR','YSR DISTRICT, KADAPA.'),(3,'VISIT OF SRI N. CHANDRA BABU NAIDU, HON\'BLE CM OF AP','ANNIE BESANT HIGH SCHOOL GROUNDS, PRODDATUR','08-Aug-2016 10:00:00 AM','08-Aug-2016 05:00:00 PM','.','SUB-DIVISIONAL POLICE OFFICER, PRODDATUR','KADAPA, YSR DISTRICT'),(4,'VISIT OF HONOURABLE CHIEF MINISTER OF AP','SRISAILAM','14-Aug-2016 08:00:00 AM','16-Aug-2016 10:00:00 AM','.','SUB DIVISIONAL POLICE OFFICER, ATMAKUR','KURNOOL DISTRICT'),(5,'Visit of Sri.N.Chandra Babu Naidu, C.M.of AP','Madhavaram Village of Rayachoty Mandal, Y.S.R.District Kadapa','01-Sep-2016 07:00:00 AM','01-Sep-2016 05:00:00 PM','Sri. Anburajan.KKN,IPS., Assistant Superintendent of Police, Pulivendula Sub Division','.','Y.S.R.District Kadapa'),(6,'CM visit to Kadap','Municipal Grounds','28-Sep-2016 08:00:00 AM','30-Sep-2016 12:00:00 AM','Sub Inspector of Police','I Town Police','Kadapa'),(7,'HONOURABLE VISIT OF N. CHANDRA BABU NAIDU, CM, OF A.P.','MEDA CONVENTION CENTER / MUNICIPAL STADIUM','26-Nov-2016 11:00:00 AM','26-Nov-2016 06:00:00 PM','-','SUB-DIVISIONAL POLICE OFFICER, KADAPA','YSR DISTRICT, KADAPA');
/*!40000 ALTER TABLE `event_allotment_policeevent` ENABLE KEYS */;
UNLOCK TABLES;
/*!40103 SET TIME_ZONE=@OLD_TIME_ZONE */;

/*!40101 SET SQL_MODE=@OLD_SQL_MODE */;
/*!40014 SET FOREIGN_KEY_CHECKS=@OLD_FOREIGN_KEY_CHECKS */;
/*!40014 SET UNIQUE_CHECKS=@OLD_UNIQUE_CHECKS */;
/*!40101 SET CHARACTER_SET_CLIENT=@OLD_CHARACTER_SET_CLIENT */;
/*!40101 SET CHARACTER_SET_RESULTS=@OLD_CHARACTER_SET_RESULTS */;
/*!40101 SET COLLATION_CONNECTION=@OLD_COLLATION_CONNECTION */;
/*!40111 SET SQL_NOTES=@OLD_SQL_NOTES */;

-- Dump completed on 2016-11-24  9:07:31
